净值日期,单位净值,日增长率,基金代码,基金名称
2019-03-15,1.0,0.0,006962,中短债债券A
2019-03-22,1.0004,0.0,006962,中短债债券A
2019-03-29,1.0011,0.0,006962,中短债债券A
2019-04-04,1.0015,0.0,006962,中短债债券A
2019-04-12,1.002,0.0,006962,中短债债券A
2019-04-17,1.0023,0.0,006962,中短债债券A
2019-04-18,1.0024,0.01,006962,中短债债券A
2019-04-19,1.0025,0.01,006962,中短债债券A
2019-04-22,1.002,-0.0499,006962,中短债债券A
2019-04-23,1.0023,0.0299,006962,中短债债券A
2019-04-24,1.0004,-0.1896,006962,中短债债券A
2019-04-25,1.0018,0.1399,006962,中短债债券A
2019-04-26,1.003,0.1198,006962,中短债债券A
2019-04-29,1.002,-0.0997,006962,中短债债券A
2019-04-30,1.0046,0.2595,006962,中短债债券A
2019-05-06,1.0081,0.3484,006962,中短债债券A
2019-05-07,1.0083,0.0198,006962,中短债债券A
2019-05-08,1.0095,0.119,006962,中短债债券A
2019-05-09,1.0118,0.2278,006962,中短债债券A
2019-05-10,1.0116,-0.0198,006962,中短债债券A
2019-05-13,1.0133,0.1681,006962,中短债债券A
2019-05-14,1.0123,-0.0987,006962,中短债债券A
2019-05-15,1.0127,0.0395,006962,中短债债券A
2019-05-16,1.0129,0.0197,006962,中短债债券A
2019-05-17,1.0133,0.0395,006962,中短债债券A
2019-05-20,1.0133,0.0,006962,中短债债券A
2019-05-21,1.0119,-0.1382,006962,中短债债券A
2019-05-22,1.011,-0.0889,006962,中短债债券A
2019-05-23,1.0122,0.1187,006962,中短债债券A
2019-05-24,1.0128,0.0593,006962,中短债债券A
2019-05-27,1.0101,-0.2666,006962,中短债债券A
2019-05-28,1.0118,0.1683,006962,中短债债券A
2019-05-29,1.0131,0.1285,006962,中短债债券A
2019-05-30,1.0125,-0.0592,006962,中短债债券A
2019-05-31,1.0132,0.0691,006962,中短债债券A
2019-06-03,1.0145,0.1283,006962,中短债债券A
2019-06-04,1.0161,0.1577,006962,中短债债券A
2019-06-05,1.0158,-0.0295,006962,中短债债券A
2019-06-06,1.0156,-0.0197,006962,中短债债券A
2019-06-10,1.015,-0.0591,006962,中短债债券A
2019-06-11,1.0135,-0.1478,006962,中短债债券A
2019-06-12,1.0142,0.0691,006962,中短债债券A
2019-06-13,1.0148,0.0592,006962,中短债债券A
2019-06-14,1.0166,0.1774,006962,中短债债券A
2019-06-17,1.0172,0.059,006962,中短债债券A
2019-06-18,1.018,0.0786,006962,中短债债券A
2019-06-19,1.0172,-0.0786,006962,中短债债券A
2019-06-20,1.0178,0.059,006962,中短债债券A
2019-06-21,1.0179,0.0098,006962,中短债债券A
2019-06-24,1.018,0.0098,006962,中短债债券A
2019-06-25,1.0185,0.0491,006962,中短债债券A
2019-06-26,1.0183,-0.0196,006962,中短债债券A
2019-06-27,1.0177,-0.0589,006962,中短债债券A
2019-06-28,1.0194,0.167,006962,中短债债券A
2019-06-30,1.0196,0.0,006962,中短债债券A
2019-07-01,1.0199,0.049,006962,中短债债券A
2019-07-02,1.0233,0.3334,006962,中短债债券A
2019-07-03,1.0253,0.1954,006962,中短债债券A
2019-07-04,1.0254,0.0098,006962,中短债债券A
2019-07-05,1.0246,-0.078,006962,中短债债券A
2019-07-08,1.0243,-0.0293,006962,中短债债券A
2019-07-09,1.0252,0.0879,006962,中短债债券A
2019-07-10,1.0253,0.0098,006962,中短债债券A
2019-07-11,1.0258,0.0488,006962,中短债债券A
2019-07-12,1.0266,0.078,006962,中短债债券A
2019-07-15,1.0261,-0.0487,006962,中短债债券A
2019-07-16,1.0262,0.0097,006962,中短债债券A
2019-07-17,1.0263,0.0097,006962,中短债债券A
2019-07-18,1.0271,0.0779,006962,中短债债券A
2019-07-19,1.0274,0.0292,006962,中短债债券A
2019-07-22,1.0282,0.0779,006962,中短债债券A
2019-07-23,1.0288,0.0584,006962,中短债债券A
2019-07-24,1.0279,-0.0875,006962,中短债债券A
2019-07-25,1.0281,0.0195,006962,中短债债券A
2019-07-26,1.0278,-0.0292,006962,中短债债券A
2019-07-29,1.0272,-0.0584,006962,中短债债券A
2019-07-30,1.0273,0.0097,006962,中短债债券A
2019-07-31,1.029,0.1655,006962,中短债债券A
2019-08-01,1.0298,0.0777,006962,中短债债券A
2019-08-02,1.0327,0.2816,006962,中短债债券A
2019-08-05,1.035,0.2227,006962,中短债债券A
2019-08-06,1.0349,-0.0097,006962,中短债债券A
2019-08-07,1.0358,0.087,006962,中短债债券A
2019-08-08,1.0361,0.029,006962,中短债债券A
2019-08-09,1.0376,0.1448,006962,中短债债券A
2019-08-12,1.0373,-0.0289,006962,中短债债券A
2019-08-13,1.0395,0.2121,006962,中短债债券A
2019-08-14,1.0395,0.0,006962,中短债债券A
2019-08-15,1.0395,0.0,006962,中短债债券A
2019-08-16,1.0392,-0.0289,006962,中短债债券A
2019-08-19,1.0404,0.1155,006962,中短债债券A
2019-08-20,1.0399,-0.0481,006962,中短债债券A
2019-08-21,1.0384,-0.1442,006962,中短债债券A
2019-08-22,1.0382,-0.0193,006962,中短债债券A
2019-08-23,1.0379,-0.0289,006962,中短债债券A
2019-08-26,1.0395,0.1542,006962,中短债债券A
2019-08-27,1.0389,-0.0577,006962,中短债债券A
2019-08-28,1.0391,0.0193,006962,中短债债券A
2019-08-29,1.0368,-0.2213,006962,中短债债券A
2019-08-30,1.0352,-0.1543,006962,中短债债券A
2019-09-02,1.0339,-0.1256,006962,中短债债券A
2019-09-03,1.0348,0.087,006962,中短债债券A
2019-09-04,1.036,0.116,006962,中短债债券A
2019-09-05,1.0388,0.2703,006962,中短债债券A
2019-09-06,1.0391,0.0289,006962,中短债债券A
2019-09-09,1.0388,-0.0289,006962,中短债债券A
2019-09-10,1.0377,-0.1059,006962,中短债债券A
2019-09-11,1.0372,-0.0482,006962,中短债债券A
2019-09-12,1.0341,-0.2989,006962,中短债债券A
2019-09-16,1.0334,-0.0677,006962,中短债债券A
2019-09-17,1.0327,-0.0677,006962,中短债债券A
2019-09-18,1.031,-0.1646,006962,中短债债券A
2019-09-19,1.0315,0.0485,006962,中短债债券A
2019-09-20,1.0322,0.0679,006962,中短债债券A
2019-09-23,1.0329,0.0678,006962,中短债债券A
2019-09-24,1.0316,-0.1259,006962,中短债债券A
2019-09-25,1.0319,0.0291,006962,中短债债券A
2019-09-26,1.0304,-0.1454,006962,中短债债券A
2019-09-27,1.0299,-0.0485,006962,中短债债券A
2019-09-30,1.0305,0.0583,006962,中短债债券A
2019-10-08,1.0331,0.2523,006962,中短债债券A
2019-10-09,1.0334,0.029,006962,中短债债券A
2019-10-10,1.0321,-0.1258,006962,中短债债券A
2019-10-11,1.0303,-0.1744,006962,中短债债券A
2019-10-14,1.0293,-0.0971,006962,中短债债券A
2019-10-15,1.029,-0.0291,006962,中短债债券A
2019-10-16,1.0291,0.0097,006962,中短债债券A
2019-10-17,1.0302,0.1069,006962,中短债债券A
2019-10-18,1.0287,-0.1456,006962,中短债债券A
2019-10-21,1.0265,-0.2139,006962,中短债债券A
2019-10-22,1.0264,-0.0097,006962,中短债债券A
2019-10-23,1.027,0.0585,006962,中短债债券A
2019-10-24,1.027,0.0,006962,中短债债券A
2019-10-25,1.0258,-0.1168,006962,中短债债券A
2019-10-28,1.0225,-0.3217,006962,中短债债券A
2019-10-29,1.0212,-0.1271,006962,中短债债券A
2019-10-30,1.0184,-0.2742,006962,中短债债券A
2019-10-31,1.0208,0.2357,006962,中短债债券A
2019-11-01,1.0216,0.0784,006962,中短债债券A
2019-11-04,1.0202,-0.137,006962,中短债债券A
2019-11-05,1.0242,0.3921,006962,中短债债券A
2019-11-06,1.0246,0.0391,006962,中短债债券A
2019-11-07,1.0228,-0.1757,006962,中短债债券A
2019-11-08,1.0231,0.0293,006962,中短债债券A
2019-11-11,1.0261,0.2932,006962,中短债债券A
2019-11-12,1.0255,-0.0585,006962,中短债债券A
2019-11-13,1.0268,0.1268,006962,中短债债券A
2019-11-14,1.0266,-0.0195,006962,中短债债券A
2019-11-15,1.0282,0.1559,006962,中短债债券A
2019-11-18,1.0317,0.3404,006962,中短债债券A
2019-11-19,1.0335,0.1745,006962,中短债债券A
2019-11-20,1.0338,0.029,006962,中短债债券A
2019-11-21,1.0342,0.0387,006962,中短债债券A
2019-11-22,1.0337,-0.0483,006962,中短债债券A
2019-11-25,1.0315,-0.2128,006962,中短债债券A
2019-11-26,1.0326,0.1066,006962,中短债债券A
2019-11-27,1.0325,-0.0097,006962,中短债债券A
2019-11-28,1.0332,0.0678,006962,中短债债券A
2019-11-29,1.0337,0.0484,006962,中短债债券A
2019-12-02,1.0318,-0.1838,006962,中短债债券A
2019-12-03,1.0334,0.1551,006962,中短债债券A
2019-12-04,1.0341,0.0677,006962,中短债债券A
2019-12-05,1.0342,0.0097,006962,中短债债券A
2019-12-06,1.0334,-0.0774,006962,中短债债券A
2019-12-09,1.0334,0.0,006962,中短债债券A
2019-12-10,1.0344,0.0968,006962,中短债债券A
2019-12-11,1.0353,0.087,006962,中短债债券A
2019-12-12,1.0356,0.029,006962,中短债债券A
2019-12-13,1.0349,-0.0676,006962,中短债债券A
2019-12-16,1.0353,0.0387,006962,中短债债券A
2019-12-17,1.0333,-0.1932,006962,中短债债券A
2019-12-18,1.0335,0.0194,006962,中短债债券A
2019-12-19,1.0341,0.0581,006962,中短债债券A
2019-12-20,1.0365,0.2321,006962,中短债债券A
2019-12-23,1.0376,0.1061,006962,中短债债券A
2019-12-24,1.0383,0.0675,006962,中短债债券A
2019-12-25,1.0389,0.0578,006962,中短债债券A
2019-12-26,1.04,0.1059,006962,中短债债券A
2019-12-27,1.0393,-0.0673,006962,中短债债券A
2019-12-30,1.0393,0.0,006962,中短债债券A
2019-12-31,1.0398,0.0481,006962,中短债债券A
2020-01-02,1.0385,-0.125,006962,中短债债券A
2020-01-03,1.0384,-0.0096,006962,中短债债券A
2020-01-06,1.0403,0.183,006962,中短债债券A
2020-01-07,1.04,-0.0288,006962,中短债债券A
2020-01-08,1.0404,0.0385,006962,中短债债券A
2020-01-09,1.0408,0.0384,006962,中短债债券A
2020-01-10,1.0432,0.2306,006962,中短债债券A
2020-01-13,1.0437,0.0479,006962,中短债债券A
2020-01-14,1.0428,-0.0862,006962,中短债债券A
2020-01-15,1.0431,0.0288,006962,中短债债券A
2020-01-16,1.0434,0.0288,006962,中短债债券A
2020-01-17,1.0443,0.0863,006962,中短债债券A
2020-01-20,1.0467,0.2298,006962,中短债债券A
2020-01-21,1.0489,0.2102,006962,中短债债券A
2020-01-22,1.0503,0.1335,006962,中短债债券A
2020-01-23,1.0534,0.2952,006962,中短债债券A
2020-02-03,1.0666,1.2531,006962,中短债债券A
2020-02-04,1.0636,-0.2813,006962,中短债债券A
2020-02-05,1.0644,0.0752,006962,中短债债券A
2020-02-06,1.0647,0.0282,006962,中短债债券A
2020-02-07,1.0674,0.2536,006962,中短债债券A
2020-02-10,1.0688,0.1312,006962,中短债债券A
2020-02-11,1.0661,-0.2526,006962,中短债债券A
2020-02-12,1.0663,0.0188,006962,中短债债券A
2020-02-13,1.0669,0.0563,006962,中短债债券A
2020-02-14,1.0649,-0.1875,006962,中短债债券A
2020-02-17,1.0642,-0.0657,006962,中短债债券A
2020-02-18,1.0656,0.1316,006962,中短债债券A
2020-02-19,1.0655,-0.0094,006962,中短债债券A
2020-02-20,1.0649,-0.0563,006962,中短债债券A
2020-02-21,1.0671,0.2066,006962,中短债债券A
2020-02-24,1.0697,0.2437,006962,中短债债券A
2020-02-25,1.0694,-0.028,006962,中短债债券A
2020-02-26,1.0704,0.0935,006962,中短债债券A
2020-02-27,1.0719,0.1401,006962,中短债债券A
2020-02-28,1.0746,0.2519,006962,中短债债券A
2020-03-02,1.0739,-0.0651,006962,中短债债券A
2020-03-03,1.0737,-0.0186,006962,中短债债券A
2020-03-04,1.0772,0.326,006962,中短债债券A
2020-03-05,1.0769,-0.0278,006962,中短债债券A
2020-03-06,1.0805,0.3343,006962,中短债债券A
2020-03-09,1.0876,0.6571,006962,中短债债券A
2020-03-10,1.0827,-0.4505,006962,中短债债券A
2020-03-11,1.0831,0.0369,006962,中短债债券A
2020-03-12,1.0828,-0.0277,006962,中短债债券A
2020-03-13,1.0803,-0.2309,006962,中短债债券A
2020-03-16,1.0814,0.1018,006962,中短债债券A
2020-03-17,1.0779,-0.3237,006962,中短债债券A
2020-03-18,1.0782,0.0278,006962,中短债债券A
2020-03-19,1.0771,-0.102,006962,中短债债券A
2020-03-20,1.0803,0.2971,006962,中短债债券A
2020-03-23,1.0831,0.2592,006962,中短债债券A
2020-03-24,1.0827,-0.0369,006962,中短债债券A
2020-03-25,1.0831,0.0369,006962,中短债债券A
2020-03-26,1.0855,0.2216,006962,中短债债券A
2020-03-27,1.0851,-0.0368,006962,中短债债券A
2020-03-30,1.0852,0.0092,006962,中短债债券A
2020-03-31,1.0881,0.2672,006962,中短债债券A
2020-04-01,1.0905,0.2206,006962,中短债债券A
2020-04-02,1.0885,-0.1834,006962,中短债债券A
2020-04-03,1.088,-0.0459,006962,中短债债券A
2020-04-07,1.0941,0.5607,006962,中短债债券A
2020-04-08,1.0986,0.4113,006962,中短债债券A
2020-04-09,1.0979,-0.0637,006962,中短债债券A
2020-04-10,1.0978,-0.0091,006962,中短债债券A
2020-04-13,1.0971,-0.0638,006962,中短债债券A
2020-04-14,1.0982,0.1003,006962,中短债债券A
2020-04-15,1.0995,0.1184,006962,中短债债券A
2020-04-16,1.1024,0.2638,006962,中短债债券A
2020-04-17,1.1,-0.2177,006962,中短债债券A
2020-04-20,1.0974,-0.2364,006962,中短债债券A
2020-04-21,1.099,0.1458,006962,中短债债券A
2020-04-22,1.1007,0.1547,006962,中短债债券A
2020-04-23,1.103,0.209,006962,中短债债券A
2020-04-24,1.1042,0.1088,006962,中短债债券A
2020-04-27,1.1037,-0.0453,006962,中短债债券A
2020-04-28,1.1046,0.0815,006962,中短债债券A
2020-04-29,1.106,0.1267,006962,中短债债券A
2020-04-30,1.1036,-0.217,006962,中短债债券A
2020-05-06,1.0992,-0.3987,006962,中短债债券A
2020-05-07,1.0926,-0.6004,006962,中短债债券A
2020-05-08,1.0922,-0.0366,006962,中短债债券A
2020-05-11,1.0865,-0.5219,006962,中短债债券A
2020-05-12,1.087,0.046,006962,中短债债券A
2020-05-13,1.0853,-0.1564,006962,中短债债券A
2020-05-14,1.0867,0.129,006962,中短债债券A
2020-05-15,1.0887,0.184,006962,中短债债券A
2020-05-18,1.0849,-0.349,006962,中短债债券A
2020-05-19,1.0835,-0.129,006962,中短债债券A
2020-05-20,1.0854,0.1754,006962,中短债债券A
2020-05-21,1.0856,0.0184,006962,中短债债券A
2020-05-22,1.0912,0.5158,006962,中短债债券A
2020-05-25,1.0874,-0.3482,006962,中短债债券A
2020-05-26,1.0828,-0.423,006962,中短债债券A
2020-05-27,1.0817,-0.1016,006962,中短债债券A
2020-05-28,1.0836,0.1756,006962,中短债债券A
2020-05-29,1.0841,0.0461,006962,中短债债券A
2020-06-01,1.0828,-0.1199,006962,中短债债券A
2020-06-02,1.077,-0.5356,006962,中短债债券A
2020-06-03,1.0762,-0.0743,006962,中短债债券A
2020-06-04,1.0725,-0.3438,006962,中短债债券A
2020-06-05,1.0704,-0.1958,006962,中短债债券A
2020-06-08,1.0738,0.3176,006962,中短债债券A
2020-06-09,1.0742,0.0373,006962,中短债债券A
2020-06-10,1.0747,0.0465,006962,中短债债券A
2020-06-11,1.0777,0.2791,006962,中短债债券A
2020-06-12,1.0798,0.1949,006962,中短债债券A
2020-06-15,1.0802,0.037,006962,中短债债券A
2020-06-16,1.0766,-0.3333,006962,中短债债券A
2020-06-17,1.0746,-0.1858,006962,中短债债券A
2020-06-18,1.077,0.2233,006962,中短债债券A
2020-06-19,1.0758,-0.1114,006962,中短债债券A
2020-06-22,1.0725,-0.3067,006962,中短债债券A
2020-06-23,1.0709,-0.1492,006962,中短债债券A
2020-06-24,1.0745,0.3362,006962,中短债债券A
2020-06-29,1.075,0.0465,006962,中短债债券A
2020-06-30,1.0771,0.1953,006962,中短债债券A
2020-07-01,1.0766,-0.0464,006962,中短债债券A
2020-07-02,1.077,0.0372,006962,中短债债券A
2020-07-03,1.0742,-0.26,006962,中短债债券A
2020-07-06,1.0672,-0.6516,006962,中短债债券A
2020-07-07,1.0647,-0.2343,006962,中短债债券A
2020-07-08,1.0607,-0.3757,006962,中短债债券A
2020-07-09,1.0548,-0.5562,006962,中短债债券A
2020-07-10,1.0565,0.1612,006962,中短债债券A
2020-07-13,1.0513,-0.4922,006962,中短债债券A
2020-07-14,1.0531,0.1712,006962,中短债债券A
2020-07-15,1.056,0.2754,006962,中短债债券A
2020-07-16,1.0576,0.1515,006962,中短债债券A
2020-07-17,1.0587,0.104,006962,中短债债券A
2020-07-20,1.0595,0.0756,006962,中短债债券A
2020-07-21,1.0643,0.453,006962,中短债债券A
2020-07-22,1.066,0.1597,006962,中短债债券A
2020-07-23,1.0656,-0.0375,006962,中短债债券A
2020-07-24,1.0689,0.3097,006962,中短债债券A
2020-07-27,1.0688,-0.0094,006962,中短债债券A
2020-07-28,1.0659,-0.2713,006962,中短债债券A
2020-07-29,1.0639,-0.1876,006962,中短债债券A
2020-07-30,1.0625,-0.1316,006962,中短债债券A
2020-07-31,1.0605,-0.1882,006962,中短债债券A
2020-08-03,1.0605,0.0,006962,中短债债券A
2020-08-04,1.062,0.1414,006962,中短债债券A
2020-08-05,1.062,0.0,006962,中短债债券A
2020-08-06,1.0625,0.0471,006962,中短债债券A
2020-08-07,1.0624,-0.0094,006962,中短债债券A
2020-08-10,1.0651,0.2541,006962,中短债债券A
2020-08-11,1.0651,0.0,006962,中短债债券A
2020-08-12,1.0644,-0.0657,006962,中短债债券A
2020-08-13,1.0647,0.0282,006962,中短债债券A
2020-08-14,1.066,0.1221,006962,中短债债券A
2020-08-17,1.0668,0.075,006962,中短债债券A
2020-08-18,1.0654,-0.1312,006962,中短债债券A
2020-08-19,1.0638,-0.1502,006962,中短债债券A
2020-08-20,1.0623,-0.141,006962,中短债债券A
2020-08-21,1.0636,0.1224,006962,中短债债券A
2020-08-24,1.0625,-0.1,006962,中短债债券A
2020-08-25,1.0598,-0.25,006962,中短债债券A
2020-08-26,1.0586,-0.11,006962,中短债债券A
2020-08-27,1.0582,-0.04,006962,中短债债券A
2020-08-28,1.0572,-0.09,006962,中短债债券A
2020-08-31,1.06,0.26,006962,中短债债券A
2020-09-01,1.0593,-0.07,006962,中短债债券A
2020-09-02,1.0564,-0.27,006962,中短债债券A
2020-09-03,1.0565,0.01,006962,中短债债券A
2020-09-04,1.0559,-0.06,006962,中短债债券A
2020-09-07,1.055,-0.09,006962,中短债债券A
2020-09-08,1.0563,0.12,006962,中短债债券A
2020-09-09,1.0582,0.18,006962,中短债债券A
2020-09-10,1.0582,0.0,006962,中短债债券A
2020-09-11,1.0564,-0.17,006962,中短债债券A
2020-09-14,1.0553,-0.1,006962,中短债债券A
2020-09-15,1.0572,0.18,006962,中短债债券A
2020-09-16,1.0565,-0.07,006962,中短债债券A
2020-09-17,1.0557,-0.08,006962,中短债债券A
2020-09-18,1.0563,0.06,006962,中短债债券A
2020-09-21,1.0575,0.11,006962,中短债债券A
2020-09-22,1.0582,0.07,006962,中短债债券A
2020-09-23,1.0577,-0.05,006962,中短债债券A
2020-09-24,1.0576,-0.01,006962,中短债债券A
2020-09-25,1.0567,-0.09,006962,中短债债券A
2020-09-28,1.0577,0.09,006962,中短债债券A
2020-09-29,1.0571,-0.06,006962,中短债债券A
2020-09-30,1.0572,0.01,006962,中短债债券A
2020-10-09,1.0563,-0.09,006962,中短债债券A
2020-10-12,1.0572,0.09,006962,中短债债券A
2020-10-13,1.0574,0.02,006962,中短债债券A
2020-10-14,1.057,-0.04,006962,中短债债券A
2020-10-15,1.0567,-0.03,006962,中短债债券A
2020-10-16,1.057,0.03,006962,中短债债券A
2020-10-19,1.0587,0.16,006962,中短债债券A
2020-10-20,1.0593,0.06,006962,中短债债券A
2020-10-21,1.0601,0.08,006962,中短债债券A
2020-10-22,1.0612,0.1,006962,中短债债券A
2020-10-23,1.0607,-0.05,006962,中短债债券A
2020-10-26,1.0605,-0.02,006962,中短债债券A
2020-10-27,1.0616,0.1,006962,中短债债券A
2020-10-28,1.0617,0.01,006962,中短债债券A
2020-10-29,1.0617,0.0,006962,中短债债券A
2020-10-30,1.062,0.03,006962,中短债债券A
2020-11-02,1.0633,0.12,006962,中短债债券A
2020-11-03,1.0641,0.08,006962,中短债债券A
2020-11-04,1.0653,0.11,006962,中短债债券A
2020-11-05,1.0651,-0.02,006962,中短债债券A
2020-11-06,1.0642,-0.08,006962,中短债债券A
2020-11-09,1.0635,-0.07,006962,中短债债券A
2020-11-10,1.0637,0.02,006962,中短债债券A
2020-11-11,1.0654,0.16,006962,中短债债券A
2020-11-12,1.0646,-0.08,006962,中短债债券A
2020-11-13,1.0648,0.02,006962,中短债债券A
2020-11-16,1.0658,0.09,006962,中短债债券A
2020-11-17,1.0658,0.0,006962,中短债债券A
2020-11-18,1.0647,-0.1,006962,中短债债券A
2020-11-19,1.0625,-0.21,006962,中短债债券A
2020-11-20,1.0629,0.04,006962,中短债债券A
2020-11-23,1.0661,0.3,006962,中短债债券A
2020-11-24,1.0654,-0.07,006962,中短债债券A
2020-11-25,1.0668,0.13,006962,中短债债券A
2020-11-26,1.067,0.02,006962,中短债债券A
2020-11-27,1.0673,0.03,006962,中短债债券A
2020-11-30,1.0694,0.2,006962,中短债债券A
2020-12-01,1.0688,-0.06,006962,中短债债券A
2020-12-02,1.0676,-0.11,006962,中短债债券A
2020-12-03,1.068,0.04,006962,中短债债券A
2020-12-04,1.0689,0.08,006962,中短债债券A
2020-12-07,1.0687,-0.02,006962,中短债债券A
2020-12-08,1.0696,0.08,006962,中短债债券A
2020-12-09,1.0696,0.0,006962,中短债债券A
2020-12-10,1.0701,0.05,006962,中短债债券A
2020-12-11,1.0686,-0.14,006962,中短债债券A
2020-12-14,1.0693,0.07,006962,中短债债券A
2020-12-15,1.0704,0.1,006962,中短债债券A
2020-12-16,1.0708,0.04,006962,中短债债券A
2020-12-17,1.0709,0.01,006962,中短债债券A
2020-12-18,1.0711,0.02,006962,中短债债券A
2020-12-21,1.0725,0.13,006962,中短债债券A
2020-12-22,1.0741,0.15,006962,中短债债券A
2020-12-23,1.0742,0.01,006962,中短债债券A
2020-12-24,1.0732,-0.09,006962,中短债债券A
2020-12-25,1.0747,0.14,006962,中短债债券A
2020-12-28,1.0755,0.07,006962,中短债债券A
2020-12-29,1.0759,0.04,006962,中短债债券A
2020-12-30,1.0776,0.16,006962,中短债债券A
2020-12-31,1.0778,0.02,006962,中短债债券A
2021-01-04,1.0762,-0.15,006962,中短债债券A
2021-01-05,1.0781,0.18,006962,中短债债券A
2021-01-06,1.0785,0.04,006962,中短债债券A
2021-01-07,1.079,0.05,006962,中短债债券A
2021-01-08,1.0783,-0.06,006962,中短债债券A
2021-01-11,1.078,-0.03,006962,中短债债券A
2021-01-12,1.0791,0.1,006962,中短债债券A
2021-01-13,1.08,0.08,006962,中短债债券A
2021-01-14,1.0806,0.06,006962,中短债债券A
2021-01-15,1.0788,-0.17,006962,中短债债券A
2021-01-18,1.0784,-0.04,006962,中短债债券A
2021-01-19,1.0788,0.04,006962,中短债债券A
2021-01-20,1.0797,0.08,006962,中短债债券A
2021-01-21,1.0806,0.08,006962,中短债债券A
2021-01-22,1.0808,0.02,006962,中短债债券A
2021-01-25,1.0801,-0.06,006962,中短债债券A
2021-01-26,1.0785,-0.15,006962,中短债债券A
2021-01-27,1.0781,-0.04,006962,中短债债券A
2021-01-28,1.0755,-0.24,006962,中短债债券A
2021-01-29,1.076,0.05,006962,中短债债券A
2021-02-01,1.0773,0.12,006962,中短债债券A
2021-02-02,1.0769,-0.04,006962,中短债债券A
2021-02-03,1.0749,-0.19,006962,中短债债券A
2021-02-04,1.0735,-0.13,006962,中短债债券A
2021-02-05,1.0734,-0.01,006962,中短债债券A
2021-02-08,1.0731,-0.03,006962,中短债债券A
2021-02-09,1.0743,0.11,006962,中短债债券A
2021-02-10,1.0736,-0.07,006962,中短债债券A
2021-02-18,1.0718,-0.17,006962,中短债债券A
2021-02-19,1.0733,0.14,006962,中短债债券A
2021-02-22,1.073,-0.03,006962,中短债债券A
2021-02-23,1.0737,0.07,006962,中短债债券A
2021-02-24,1.0746,0.08,006962,中短债债券A
2021-02-25,1.0744,-0.02,006962,中短债债券A
2021-02-26,1.0741,-0.03,006962,中短债债券A
2021-03-01,1.0758,0.16,006962,中短债债券A
2021-03-02,1.0759,0.01,006962,中短债债券A
2021-03-03,1.0758,-0.01,006962,中短债债券A
2021-03-04,1.0761,0.03,006962,中短债债券A
2021-03-05,1.0774,0.12,006962,中短债债券A
2021-03-08,1.0781,0.06,006962,中短债债券A
2021-03-09,1.0779,-0.02,006962,中短债债券A
2021-03-10,1.0786,0.06,006962,中短债债券A
2021-03-11,1.0781,-0.05,006962,中短债债券A
2021-03-12,1.0779,-0.02,006962,中短债债券A
2021-03-15,1.0772,-0.06,006962,中短债债券A
2021-03-16,1.078,0.07,006962,中短债债券A
2021-03-17,1.0784,0.04,006962,中短债债券A
2021-03-18,1.0782,-0.02,006962,中短债债券A
2021-03-19,1.0797,0.14,006962,中短债债券A
2021-03-22,1.0805,0.07,006962,中短债债券A
2021-03-23,1.0814,0.08,006962,中短债债券A
2021-03-24,1.0828,0.13,006962,中短债债券A
2021-03-25,1.083,0.02,006962,中短债债券A
2021-03-26,1.0826,-0.04,006962,中短债债券A
2021-03-29,1.0829,0.03,006962,中短债债券A
2021-03-30,1.083,0.01,006962,中短债债券A
2021-03-31,1.0839,0.08,006962,中短债债券A
2021-04-01,1.0839,0.0,006962,中短债债券A
2021-04-02,1.0841,0.02,006962,中短债债券A
2021-04-06,1.0839,-0.02,006962,中短债债券A
2021-04-07,1.0835,-0.04,006962,中短债债券A
2021-04-08,1.0838,0.03,006962,中短债债券A
2021-04-09,1.0844,0.06,006962,中短债债券A
2021-04-12,1.0857,0.12,006962,中短债债券A
2021-04-13,1.0881,0.22,006962,中短债债券A
2021-04-14,1.0881,0.0,006962,中短债债券A
2021-04-15,1.0878,-0.03,006962,中短债债券A
2021-04-16,1.0883,0.05,006962,中短债债券A
2021-04-19,1.0894,0.1,006962,中短债债券A
2021-04-20,1.0904,0.09,006962,中短债债券A
2021-04-21,1.0911,0.06,006962,中短债债券A
2021-04-22,1.0912,0.01,006962,中短债债券A
2021-04-23,1.0911,-0.01,006962,中短债债券A
2021-04-26,1.0894,-0.16,006962,中短债债券A
2021-04-27,1.0892,-0.02,006962,中短债债券A
2021-04-28,1.0898,0.06,006962,中短债债券A
2021-04-29,1.0901,0.03,006962,中短债债券A
2021-04-30,1.0913,0.11,006962,中短债债券A
2021-05-06,1.0926,0.12,006962,中短债债券A
2021-05-07,1.0921,-0.05,006962,中短债债券A
2021-05-10,1.0927,0.05,006962,中短债债券A
2021-05-11,1.0939,0.11,006962,中短债债券A
2021-05-12,1.0937,-0.02,006962,中短债债券A
2021-05-13,1.0933,-0.04,006962,中短债债券A
2021-05-14,1.0936,0.03,006962,中短债债券A
2021-05-17,1.0932,-0.04,006962,中短债债券A
2021-05-18,1.0939,0.06,006962,中短债债券A
2021-05-19,1.0956,0.16,006962,中短债债券A
2021-05-20,1.0974,0.16,006962,中短债债券A
2021-05-21,1.0988,0.13,006962,中短债债券A
2021-05-24,1.0989,0.01,006962,中短债债券A
2021-05-25,1.0992,0.03,006962,中短债债券A
2021-05-26,1.0999,0.06,006962,中短债债券A
2021-05-27,1.0993,-0.05,006962,中短债债券A
2021-05-28,1.0989,-0.04,006962,中短债债券A
2021-05-31,1.1,0.1,006962,中短债债券A
2021-06-01,1.1,0.0,006962,中短债债券A
2021-06-02,1.0992,-0.07,006962,中短债债券A
2021-06-03,1.0997,0.05,006962,中短债债券A
2021-06-04,1.0973,-0.22,006962,中短债债券A
2021-06-07,1.0964,-0.08,006962,中短债债券A
2021-06-08,1.0968,0.04,006962,中短债债券A
2021-06-09,1.0973,0.05,006962,中短债债券A
2021-06-10,1.0979,0.05,006962,中短债债券A
2021-06-11,1.0968,-0.1,006962,中短债债券A
2021-06-15,1.0973,0.05,006962,中短债债券A
2021-06-16,1.0966,-0.06,006962,中短债债券A
2021-06-17,1.0962,-0.04,006962,中短债债券A
2021-06-18,1.0971,0.08,006962,中短债债券A
2021-06-21,1.0983,0.11,006962,中短债债券A
2021-06-22,1.0983,0.0,006962,中短债债券A
2021-06-23,1.0986,0.03,006962,中短债债券A
2021-06-24,1.0988,0.02,006962,中短债债券A
2021-06-25,1.0989,0.01,006962,中短债债券A
2021-06-28,1.0986,-0.03,006962,中短债债券A
2021-06-29,1.0993,0.06,006962,中短债债券A
2021-06-30,1.1,0.06,006962,中短债债券A
2021-07-01,1.0998,-0.02,006962,中短债债券A
2021-07-02,1.1005,0.06,006962,中短债债券A
2021-07-05,1.1014,0.08,006962,中短债债券A
2021-07-06,1.1011,-0.03,006962,中短债债券A
2021-07-07,1.1027,0.15,006962,中短债债券A
2021-07-08,1.1065,0.34,006962,中短债债券A
2021-07-09,1.1059,-0.05,006962,中短债债券A
2021-07-12,1.1097,0.34,006962,中短债债券A
2021-07-13,1.1111,0.13,006962,中短债债券A
2021-07-14,1.1114,0.03,006962,中短债债券A
2021-07-15,1.1097,-0.15,006962,中短债债券A
2021-07-16,1.1105,0.07,006962,中短债债券A
2021-07-19,1.1108,0.03,006962,中短债债券A
2021-07-20,1.112,0.11,006962,中短债债券A
2021-07-21,1.1131,0.1,006962,中短债债券A
2021-07-22,1.113,-0.01,006962,中短债债券A
2021-07-23,1.1149,0.17,006962,中短债债券A
2021-07-26,1.1181,0.29,006962,中短债债券A
2021-07-27,1.1159,-0.2,006962,中短债债券A
2021-07-28,1.1151,-0.07,006962,中短债债券A
2021-07-29,1.1175,0.22,006962,中短债债券A
2021-07-30,1.1209,0.3,006962,中短债债券A
2021-08-02,1.1239,0.27,006962,中短债债券A
2021-08-03,1.123,-0.08,006962,中短债债券A
2021-08-04,1.123,0.0,006962,中短债债券A
2021-08-05,1.1255,0.22,006962,中短债债券A
2021-08-06,1.1248,-0.06,006962,中短债债券A
2021-08-09,1.1217,-0.28,006962,中短债债券A
2021-08-10,1.1214,-0.03,006962,中短债债券A
2021-08-11,1.1208,-0.05,006962,中短债债券A
2021-08-12,1.1224,0.14,006962,中短债债券A
2021-08-13,1.1217,-0.06,006962,中短债债券A
2021-08-16,1.1214,-0.03,006962,中短债债券A
2021-08-17,1.1222,0.07,006962,中短债债券A
2021-08-18,1.1243,0.19,006962,中短债债券A
2021-08-19,1.1248,0.04,006962,中短债债券A
2021-08-20,1.1245,-0.03,006962,中短债债券A
2021-08-23,1.124,-0.04,006962,中短债债券A
2021-08-24,1.1249,0.08,006962,中短债债券A
2021-08-25,1.1251,0.02,006962,中短债债券A
2021-08-26,1.1223,-0.25,006962,中短债债券A
2021-08-27,1.1233,0.09,006962,中短债债券A
2021-08-30,1.1243,0.09,006962,中短债债券A
2021-08-31,1.125,0.06,006962,中短债债券A
2021-09-01,1.1269,0.17,006962,中短债债券A
2021-09-02,1.1268,-0.01,006962,中短债债券A
2021-09-03,1.1269,0.01,006962,中短债债券A
2021-09-06,1.1274,0.04,006962,中短债债券A
2021-09-07,1.1266,-0.07,006962,中短债债券A
2021-09-08,1.126,-0.05,006962,中短债债券A
2021-09-09,1.1259,-0.01,006962,中短债债券A
2021-09-10,1.126,0.01,006962,中短债债券A
2021-09-13,1.1246,-0.12,006962,中短债债券A
2021-09-14,1.1246,0.0,006962,中短债债券A
2021-09-15,1.124,-0.05,006962,中短债债券A
2021-09-16,1.1241,0.01,006962,中短债债券A
2021-09-17,1.1247,0.05,006962,中短债债券A
2021-09-22,1.1261,0.12,006962,中短债债券A
2021-09-23,1.1265,0.04,006962,中短债债券A
2021-09-24,1.126,-0.04,006962,中短债债券A
2021-09-27,1.1259,-0.01,006962,中短债债券A
2021-09-28,1.1254,-0.04,006962,中短债债券A
2021-09-29,1.1262,0.07,006962,中短债债券A
2021-09-30,1.1264,0.02,006962,中短债债券A
2021-10-08,1.1259,-0.04,006962,中短债债券A
2021-10-11,1.1225,-0.3,006962,中短债债券A
2021-10-12,1.1217,-0.07,006962,中短债债券A
2021-10-13,1.1215,-0.02,006962,中短债债券A
2021-10-14,1.1215,0.0,006962,中短债债券A
2021-10-15,1.121,-0.04,006962,中短债债券A
2021-10-18,1.1156,-0.48,006962,中短债债券A
2021-10-19,1.1174,0.16,006962,中短债债券A
2021-10-20,1.1183,0.08,006962,中短债债券A
2021-10-21,1.12,0.15,006962,中短债债券A
2021-10-22,1.1196,-0.04,006962,中短债债券A
2021-10-25,1.1202,0.05,006962,中短债债券A
2021-10-26,1.1212,0.09,006962,中短债债券A
2021-10-27,1.1218,0.05,006962,中短债债券A
2021-10-28,1.1231,0.12,006962,中短债债券A
2021-10-29,1.1235,0.04,006962,中短债债券A
2021-11-01,1.1262,0.24,006962,中短债债券A
2021-11-02,1.1288,0.23,006962,中短债债券A
2021-11-03,1.1286,-0.02,006962,中短债债券A
2021-11-04,1.1295,0.08,006962,中短债债券A
2021-11-05,1.1319,0.21,006962,中短债债券A
2021-11-08,1.1317,-0.02,006962,中短债债券A
2021-11-09,1.1317,0.0,006962,中短债债券A
2021-11-10,1.1318,0.01,006962,中短债债券A
2021-11-11,1.1308,-0.09,006962,中短债债券A
2021-11-12,1.1313,0.04,006962,中短债债券A
2021-11-15,1.1326,0.11,006962,中短债债券A
2021-11-16,1.1328,0.02,006962,中短债债券A
2021-11-17,1.1328,0.0,006962,中短债债券A
2021-11-18,1.1335,0.06,006962,中短债债券A
2021-11-19,1.1329,-0.05,006962,中短债债券A
2021-11-22,1.1341,0.11,006962,中短债债券A
2021-11-23,1.1343,0.02,006962,中短债债券A
2021-11-24,1.1361,0.16,006962,中短债债券A
2021-11-25,1.1363,0.02,006962,中短债债券A
2021-11-26,1.1383,0.18,006962,中短债债券A
2021-11-29,1.1382,-0.01,006962,中短债债券A
2021-11-30,1.1385,0.03,006962,中短债债券A
2021-12-01,1.1381,-0.04,006962,中短债债券A
2021-12-02,1.1372,-0.08,006962,中短债债券A
2021-12-03,1.1368,-0.04,006962,中短债债券A
2021-12-06,1.1405,0.33,006962,中短债债券A
2021-12-07,1.1388,-0.15,006962,中短债债券A
2021-12-08,1.1382,-0.05,006962,中短债债券A
2021-12-09,1.1386,0.04,006962,中短债债券A
2021-12-10,1.1398,0.11,006962,中短债债券A
2021-12-13,1.1401,0.03,006962,中短债债券A
2021-12-14,1.1415,0.12,006962,中短债债券A
2021-12-15,1.1424,0.08,006962,中短债债券A
2021-12-16,1.1427,0.03,006962,中短债债券A
2021-12-17,1.1431,0.04,006962,中短债债券A
2021-12-20,1.1435,0.03,006962,中短债债券A
2021-12-21,1.1435,0.0,006962,中短债债券A
2021-12-22,1.1443,0.07,006962,中短债债券A
2021-12-23,1.1454,0.1,006962,中短债债券A
2021-12-24,1.1456,0.02,006962,中短债债券A
2021-12-27,1.1467,0.1,006962,中短债债券A
2021-12-28,1.1479,0.1,006962,中短债债券A
2021-12-29,1.1496,0.15,006962,中短债债券A
2021-12-30,1.1508,0.1,006962,中短债债券A
2021-12-31,1.1514,0.05,006962,中短债债券A
2022-01-04,1.1513,-0.01,006962,中短债债券A
2022-01-05,1.1506,-0.06,006962,中短债债券A
2022-01-06,1.1493,-0.11,006962,中短债债券A
2022-01-07,1.1495,0.02,006962,中短债债券A
2022-01-10,1.1506,0.1,006962,中短债债券A
2022-01-11,1.1515,0.08,006962,中短债债券A
2022-01-12,1.1518,0.03,006962,中短债债券A
2022-01-13,1.1523,0.04,006962,中短债债券A
2022-01-14,1.1525,0.02,006962,中短债债券A
2022-01-17,1.1533,0.07,006962,中短债债券A
2022-01-18,1.1572,0.34,006962,中短债债券A
2022-01-19,1.1587,0.13,006962,中短债债券A
2022-01-20,1.16,0.11,006962,中短债债券A
2022-01-21,1.1623,0.2,006962,中短债债券A
2022-01-24,1.166,0.32,006962,中短债债券A
2022-01-25,1.1644,-0.14,006962,中短债债券A
2022-01-26,1.1627,-0.15,006962,中短债债券A
2022-01-27,1.1611,-0.14,006962,中短债债券A
2022-01-28,1.1636,0.22,006962,中短债债券A
2022-02-07,1.1634,-0.02,006962,中短债债券A
2022-02-08,1.1635,0.01,006962,中短债债券A
2022-02-09,1.1627,-0.07,006962,中短债债券A
2022-02-10,1.1627,0.0,006962,中短债债券A
2022-02-11,1.1565,-0.53,006962,中短债债券A
2022-02-14,1.155,-0.13,006962,中短债债券A
2022-02-15,1.1552,0.02,006962,中短债债券A
2022-02-16,1.1559,0.06,006962,中短债债券A
2022-02-17,1.1571,0.1,006962,中短债债券A
2022-02-18,1.1558,-0.11,006962,中短债债券A
2022-02-21,1.1521,-0.32,006962,中短债债券A
2022-02-22,1.1511,-0.09,006962,中短债债券A
2022-02-23,1.1526,0.13,006962,中短债债券A
2022-02-24,1.1528,0.02,006962,中短债债券A
2022-02-25,1.1536,0.07,006962,中短债债券A
2022-02-28,1.1542,0.05,006962,中短债债券A
2022-03-01,1.1525,-0.15,006962,中短债债券A
2022-03-02,1.1517,-0.07,006962,中短债债券A
2022-03-03,1.1501,-0.14,006962,中短债债券A
2022-03-04,1.1509,0.07,006962,中短债债券A
2022-03-07,1.1512,0.03,006962,中短债债券A
2022-03-08,1.1517,0.04,006962,中短债债券A
2022-03-09,1.1507,-0.09,006962,中短债债券A
2022-03-10,1.1507,0.0,006962,中短债债券A
2022-03-11,1.1545,0.33,006962,中短债债券A
2022-03-14,1.1564,0.16,006962,中短债债券A
2022-03-15,1.1517,-0.41,006962,中短债债券A
2022-03-16,1.153,0.11,006962,中短债债券A
2022-03-17,1.1533,0.03,006962,中短债债券A
2022-03-18,1.1537,0.03,006962,中短债债券A
2022-03-21,1.1531,-0.05,006962,中短债债券A
2022-03-22,1.1519,-0.1,006962,中短债债券A
2022-03-23,1.1526,0.06,006962,中短债债券A
2022-03-24,1.1536,0.09,006962,中短债债券A
2022-03-25,1.1541,0.04,006962,中短债债券A
2022-03-28,1.1548,0.06,006962,中短债债券A
2022-03-29,1.1548,0.0,006962,中短债债券A
2022-03-30,1.1561,0.11,006962,中短债债券A
2022-03-31,1.1553,-0.07,006962,中短债债券A
2022-04-01,1.1573,0.17,006962,中短债债券A
2022-04-06,1.1597,0.21,006962,中短债债券A
2022-04-07,1.1618,0.18,006962,中短债债券A
2022-04-08,1.1617,-0.01,006962,中短债债券A
2022-04-11,1.1607,-0.09,006962,中短债债券A
2022-04-12,1.1612,0.04,006962,中短债债券A
2022-04-13,1.1622,0.09,006962,中短债债券A
2022-04-14,1.1629,0.06,006962,中短债债券A
2022-04-15,1.1636,0.06,006962,中短债债券A
2022-04-18,1.1607,-0.25,006962,中短债债券A
2022-04-19,1.1603,-0.03,006962,中短债债券A
2022-04-20,1.1594,-0.08,006962,中短债债券A
2022-04-21,1.1602,0.07,006962,中短债债券A
2022-04-22,1.1595,-0.06,006962,中短债债券A
2022-04-25,1.1612,0.15,006962,中短债债券A
2022-04-26,1.161,-0.02,006962,中短债债券A
2022-04-27,1.1601,-0.08,006962,中短债债券A
2022-04-28,1.1596,-0.04,006962,中短债债券A
2022-04-29,1.1605,0.08,006962,中短债债券A
2022-05-05,1.1617,0.1,006962,中短债债券A
2022-05-06,1.1622,0.04,006962,中短债债券A
2022-05-09,1.164,0.15,006962,中短债债券A
2022-05-10,1.1653,0.11,006962,中短债债券A
2022-05-11,1.1646,-0.06,006962,中短债债券A
2022-05-12,1.1656,0.09,006962,中短债债券A
2022-05-13,1.1653,-0.03,006962,中短债债券A
2022-05-16,1.1651,-0.02,006962,中短债债券A
2022-05-17,1.1657,0.05,006962,中短债债券A
2022-05-18,1.1663,0.05,006962,中短债债券A
2022-05-19,1.1669,0.05,006962,中短债债券A
2022-05-20,1.1667,-0.02,006962,中短债债券A
2022-05-23,1.1681,0.12,006962,中短债债券A
2022-05-24,1.1685,0.03,006962,中短债债券A
2022-05-25,1.1689,0.03,006962,中短债债券A
2022-05-26,1.1718,0.25,006962,中短债债券A
2022-05-27,1.1718,0.0,006962,中短债债券A
2022-05-30,1.1703,-0.13,006962,中短债债券A
2022-05-31,1.1685,-0.15,006962,中短债债券A
2022-06-01,1.1679,-0.05,006962,中短债债券A
2022-06-02,1.1673,-0.05,006962,中短债债券A
2022-06-06,1.1662,-0.09,006962,中短债债券A
2022-06-07,1.167,0.07,006962,中短债债券A
2022-06-08,1.1669,-0.01,006962,中短债债券A
2022-06-09,1.1679,0.09,006962,中短债债券A
2022-06-10,1.1682,0.03,006962,中短债债券A
2022-06-13,1.1684,0.02,006962,中短债债券A
2022-06-14,1.1687,0.03,006962,中短债债券A
2022-06-15,1.1686,-0.01,006962,中短债债券A
2022-06-16,1.1692,0.05,006962,中短债债券A
2022-06-17,1.1696,0.03,006962,中短债债券A
2022-06-20,1.1692,-0.03,006962,中短债债券A
2022-06-21,1.1692,0.0,006962,中短债债券A
2022-06-22,1.1696,0.03,006962,中短债债券A
2022-06-23,1.1693,-0.03,006962,中短债债券A
2022-06-24,1.1686,-0.06,006962,中短债债券A
2022-06-27,1.1667,-0.16,006962,中短债债券A
2022-06-28,1.1664,-0.03,006962,中短债债券A
2022-06-29,1.1672,0.07,006962,中短债债券A
2022-06-30,1.1689,0.15,006962,中短债债券A
2022-07-01,1.169,0.01,006962,中短债债券A
2022-07-04,1.1676,-0.12,006962,中短债债券A
2022-07-05,1.1681,0.04,006962,中短债债券A
2022-07-06,1.1686,0.04,006962,中短债债券A
2022-07-07,1.1686,0.0,006962,中短债债券A
2022-07-08,1.1688,0.02,006962,中短债债券A
2022-07-11,1.17,0.1,006962,中短债债券A
2022-07-12,1.171,0.09,006962,中短债债券A
2022-07-13,1.1716,0.05,006962,中短债债券A
2022-07-14,1.1728,0.1,006962,中短债债券A
2022-07-15,1.1732,0.03,006962,中短债债券A
2022-07-18,1.1739,0.06,006962,中短债债券A
2022-07-19,1.174,0.01,006962,中短债债券A
2022-07-20,1.1754,0.12,006962,中短债债券A
2022-07-21,1.1765,0.09,006962,中短债债券A
2022-07-22,1.1753,-0.1,006962,中短债债券A
2022-07-25,1.1763,0.09,006962,中短债债券A
2022-07-26,1.1776,0.11,006962,中短债债券A
2022-07-27,1.1778,0.02,006962,中短债债券A
2022-07-28,1.1769,-0.08,006962,中短债债券A
2022-07-29,1.1792,0.2,006962,中短债债券A
2022-08-01,1.1815,0.2,006962,中短债债券A
2022-08-02,1.1818,0.03,006962,中短债债券A
2022-08-03,1.1827,0.08,006962,中短债债券A
2022-08-04,1.184,0.11,006962,中短债债券A
2022-08-05,1.1834,-0.05,006962,中短债债券A
2022-08-08,1.1835,0.01,006962,中短债债券A
2022-08-09,1.1836,0.01,006962,中短债债券A
2022-08-10,1.184,0.03,006962,中短债债券A
2022-08-11,1.1842,0.02,006962,中短债债券A
2022-08-12,1.1841,-0.01,006962,中短债债券A
2022-08-15,1.1901,0.51,006962,中短债债券A
2022-08-16,1.1921,0.17,006962,中短债债券A
2022-08-17,1.1926,0.04,006962,中短债债券A
2022-08-18,1.1949,0.19,006962,中短债债券A
2022-08-19,1.1952,0.03,006962,中短债债券A
2022-08-22,1.1952,0.0,006962,中短债债券A
2022-08-23,1.1943,-0.08,006962,中短债债券A
2022-08-24,1.1945,0.02,006962,中短债债券A
2022-08-25,1.1922,-0.19,006962,中短债债券A
2022-08-26,1.192,-0.02,006962,中短债债券A
2022-08-29,1.1937,0.14,006962,中短债债券A
2022-08-30,1.1944,0.06,006962,中短债债券A
2022-08-31,1.1941,-0.03,006962,中短债债券A
2022-09-01,1.1956,0.13,006962,中短债债券A
2022-09-02,1.1956,0.0,006962,中短债债券A
2022-09-05,1.1967,0.09,006962,中短债债券A
2022-09-06,1.1975,0.07,006962,中短债债券A
2022-09-07,1.1976,0.01,006962,中短债债券A
2022-09-08,1.1972,-0.03,006962,中短债债券A
2022-09-09,1.1962,-0.08,006962,中短债债券A
2022-09-13,1.196,-0.02,006962,中短债债券A
2022-09-14,1.1955,-0.04,006962,中短债债券A
2022-09-15,1.1955,0.0,006962,中短债债券A
2022-09-16,1.1948,-0.06,006962,中短债债券A
2022-09-19,1.1953,0.04,006962,中短债债券A
2022-09-20,1.1964,0.09,006962,中短债债券A
2022-09-21,1.1973,0.08,006962,中短债债券A
2022-09-22,1.1971,-0.02,006962,中短债债券A
2022-09-23,1.1957,-0.12,006962,中短债债券A
2022-09-26,1.1924,-0.28,006962,中短债债券A
2022-09-27,1.1928,0.03,006962,中短债债券A
2022-09-28,1.1902,-0.22,006962,中短债债券A
2022-09-29,1.189,-0.1,006962,中短债债券A
2022-09-30,1.1874,-0.13,006962,中短债债券A
2022-10-10,1.191,0.3,006962,中短债债券A
2022-10-11,1.1914,0.03,006962,中短债债券A
2022-10-12,1.1924,0.08,006962,中短债债券A
2022-10-13,1.1935,0.09,006962,中短债债券A
2022-10-14,1.1969,0.28,006962,中短债债券A
2022-10-17,1.1973,0.03,006962,中短债债券A
2022-10-18,1.1979,0.05,006962,中短债债券A
2022-10-19,1.1982,0.03,006962,中短债债券A
2022-10-20,1.1974,-0.07,006962,中短债债券A
2022-10-21,1.1973,-0.01,006962,中短债债券A
2022-10-24,1.1984,0.09,006962,中短债债券A
2022-10-25,1.1977,-0.06,006962,中短债债券A
2022-10-26,1.1985,0.07,006962,中短债债券A
2022-10-27,1.1991,0.05,006962,中短债债券A
2022-10-28,1.2001,0.08,006962,中短债债券A
2022-10-31,1.201,0.07,006962,中短债债券A
2022-11-01,1.2,-0.08,006962,中短债债券A
2022-11-02,1.1992,-0.07,006962,中短债债券A
2022-11-03,1.1997,0.04,006962,中短债债券A
2022-11-04,1.1984,-0.11,006962,中短债债券A
2022-11-07,1.1988,0.03,006962,中短债债券A
2022-11-08,1.199,0.02,006962,中短债债券A
2022-11-09,1.1985,-0.04,006962,中短债债券A
2022-11-10,1.1981,-0.03,006962,中短债债券A
2022-11-11,1.1951,-0.25,006962,中短债债券A
2022-11-14,1.1879,-0.6,006962,中短债债券A
2022-11-15,1.1888,0.08,006962,中短债债券A
2022-11-16,1.1873,-0.13,006962,中短债债券A
2022-11-17,1.1905,0.27,006962,中短债债券A
2022-11-18,1.1902,-0.03,006962,中短债债券A
2022-11-21,1.1925,0.19,006962,中短债债券A
2022-11-22,1.1928,0.03,006962,中短债债券A
2022-11-23,1.195,0.18,006962,中短债债券A
2022-11-24,1.1957,0.06,006962,中短债债券A
2022-11-25,1.1933,-0.2,006962,中短债债券A
2022-11-28,1.1917,-0.13,006962,中短债债券A
2022-11-29,1.1892,-0.21,006962,中短债债券A
2022-11-30,1.189,-0.02,006962,中短债债券A
2022-12-01,1.1913,0.19,006962,中短债债券A
2022-12-02,1.192,0.06,006962,中短债债券A
2022-12-05,1.1913,-0.06,006962,中短债债券A
2022-12-06,1.1893,-0.17,006962,中短债债券A
2022-12-07,1.1911,0.15,006962,中短债债券A
2022-12-08,1.1912,0.01,006962,中短债债券A
2022-12-09,1.1903,-0.08,006962,中短债债券A
2022-12-12,1.1901,-0.02,006962,中短债债券A
2022-12-13,1.1881,-0.17,006962,中短债债券A
2022-12-14,1.1908,0.23,006962,中短债债券A
2022-12-15,1.19,-0.07,006962,中短债债券A
2022-12-16,1.1899,-0.01,006962,中短债债券A
2022-12-19,1.1913,0.12,006962,中短债债券A
2022-12-20,1.1906,-0.06,006962,中短债债券A
2022-12-21,1.1909,0.03,006962,中短债债券A
2022-12-22,1.1918,0.08,006962,中短债债券A
2022-12-23,1.1935,0.14,006962,中短债债券A
2022-12-26,1.1926,-0.08,006962,中短债债券A
2022-12-27,1.1907,-0.16,006962,中短债债券A
2022-12-28,1.1906,-0.01,006962,中短债债券A
2022-12-29,1.1928,0.18,006962,中短债债券A
2022-12-30,1.1936,0.07,006962,中短债债券A
2022-12-31,1.1937,0.01,006962,中短债债券A
2023-01-03,1.1949,0.11,006962,中短债债券A
2023-01-04,1.1969,0.17,006962,中短债债券A
2023-01-05,1.1965,-0.03,006962,中短债债券A
2023-01-06,1.196,-0.04,006962,中短债债券A
2023-01-09,1.1962,0.02,006962,中短债债券A
2023-01-10,1.1944,-0.15,006962,中短债债券A
2023-01-11,1.1942,-0.02,006962,中短债债券A
2023-01-12,1.194,-0.02,006962,中短债债券A
2023-01-13,1.1932,-0.07,006962,中短债债券A
2023-01-16,1.1913,-0.16,006962,中短债债券A
2023-01-17,1.1918,0.04,006962,中短债债券A
2023-01-18,1.1915,-0.03,006962,中短债债券A
2023-01-19,1.1918,0.03,006962,中短债债券A
2023-01-20,1.1916,-0.02,006962,中短债债券A
2023-01-30,1.1937,0.18,006962,中短债债券A
2023-01-31,1.1943,0.05,006962,中短债债券A
2023-02-01,1.1941,-0.02,006962,中短债债券A
2023-02-02,1.1944,0.03,006962,中短债债券A
2023-02-03,1.1946,0.02,006962,中短债债券A
2023-02-06,1.195,0.03,006962,中短债债券A
2023-02-07,1.1952,0.02,006962,中短债债券A
2023-02-08,1.195,-0.02,006962,中短债债券A
2023-02-09,1.195,0.0,006962,中短债债券A
2023-02-10,1.1948,-0.02,006962,中短债债券A
2023-02-13,1.1954,0.05,006962,中短债债券A
2023-02-14,1.1957,0.03,006962,中短债债券A
2023-02-15,1.1957,0.0,006962,中短债债券A
2023-02-16,1.196,0.03,006962,中短债债券A
2023-02-17,1.196,0.0,006962,中短债债券A
2023-02-20,1.1951,-0.08,006962,中短债债券A
2023-02-21,1.1945,-0.05,006962,中短债债券A
2023-02-22,1.1946,0.01,006962,中短债债券A
2023-02-23,1.1945,-0.01,006962,中短债债券A
2023-02-24,1.1945,0.0,006962,中短债债券A
2023-02-27,1.1943,-0.02,006962,中短债债券A
2023-02-28,1.1942,-0.01,006962,中短债债券A
2023-03-01,1.1944,0.02,006962,中短债债券A
2023-03-02,1.1939,-0.04,006962,中短债债券A
2023-03-03,1.194,0.01,006962,中短债债券A
2023-03-06,1.1953,0.11,006962,中短债债券A
2023-03-07,1.1959,0.05,006962,中短债债券A
2023-03-08,1.1956,-0.03,006962,中短债债券A
2023-03-09,1.1957,0.01,006962,中短债债券A
2023-03-10,1.1966,0.08,006962,中短债债券A
2023-03-13,1.1966,0.0,006962,中短债债券A
2023-03-14,1.1971,0.04,006962,中短债债券A
2023-03-15,1.1966,-0.04,006962,中短债债券A
2023-03-16,1.1976,0.08,006962,中短债债券A
2023-03-17,1.1981,0.04,006962,中短债债券A
2023-03-20,1.1999,0.15,006962,中短债债券A
2023-03-21,1.2001,0.02,006962,中短债债券A
2023-03-22,1.2002,0.01,006962,中短债债券A
2023-03-23,1.2005,0.02,006962,中短债债券A
2023-03-24,1.1999,-0.05,006962,中短债债券A
2023-03-27,1.2008,0.08,006962,中短债债券A
2023-03-28,1.201,0.02,006962,中短债债券A
2023-03-29,1.2012,0.02,006962,中短债债券A
2023-03-30,1.2008,-0.03,006962,中短债债券A
2023-03-31,1.2014,0.05,006962,中短债债券A
2023-04-03,1.2017,0.02,006962,中短债债券A
2023-04-04,1.202,0.02,006962,中短债债券A
2023-04-06,1.2024,0.03,006962,中短债债券A
2023-04-07,1.2033,0.07,006962,中短债债券A
2023-04-10,1.2039,0.05,006962,中短债债券A
2023-04-11,1.2054,0.12,006962,中短债债券A
2023-04-12,1.2061,0.06,006962,中短债债券A
2023-04-13,1.2054,-0.06,006962,中短债债券A
2023-04-14,1.2055,0.01,006962,中短债债券A
2023-04-17,1.2051,-0.03,006962,中短债债券A
2023-04-18,1.2058,0.06,006962,中短债债券A
2023-04-19,1.2064,0.05,006962,中短债债券A
2023-04-20,1.2066,0.02,006962,中短债债券A
2023-04-21,1.2069,0.02,006962,中短债债券A
2023-04-24,1.2077,0.07,006962,中短债债券A
2023-04-25,1.2079,0.02,006962,中短债债券A
2023-04-26,1.2085,0.05,006962,中短债债券A
2023-04-27,1.2111,0.22,006962,中短债债券A
2023-04-28,1.2116,0.04,006962,中短债债券A
2023-05-04,1.2139,0.19,006962,中短债债券A
2023-05-05,1.2156,0.14,006962,中短债债券A
2023-05-08,1.2147,-0.07,006962,中短债债券A
2023-05-09,1.2165,0.15,006962,中短债债券A
2023-05-10,1.2181,0.13,006962,中短债债券A
2023-05-11,1.22,0.16,006962,中短债债券A
2023-05-12,1.2196,-0.03,006962,中短债债券A
2023-05-15,1.2191,-0.04,006962,中短债债券A
2023-05-16,1.2192,0.01,006962,中短债债券A
2023-05-17,1.2188,-0.03,006962,中短债债券A
2023-05-18,1.2186,-0.02,006962,中短债债券A
2023-05-19,1.2194,0.07,006962,中短债债券A
2023-05-22,1.2206,0.1,006962,中短债债券A
2023-05-23,1.2225,0.16,006962,中短债债券A
2023-05-24,1.2223,-0.02,006962,中短债债券A
2023-05-25,1.2222,-0.01,006962,中短债债券A
2023-05-26,1.2216,-0.05,006962,中短债债券A
2023-05-29,1.2223,0.06,006962,中短债债券A
2023-05-30,1.2226,0.02,006962,中短债债券A
2023-05-31,1.2236,0.08,006962,中短债债券A
2023-06-01,1.224,0.03,006962,中短债债券A
2023-06-02,1.2233,-0.06,006962,中短债债券A
2023-06-05,1.224,0.06,006962,中短债债券A
2023-06-06,1.2251,0.09,006962,中短债债券A
2023-06-07,1.226,0.07,006962,中短债债券A
2023-06-08,1.2263,0.02,006962,中短债债券A
2023-06-09,1.2277,0.11,006962,中短债债券A
2023-06-12,1.2284,0.06,006962,中短债债券A
2023-06-13,1.2311,0.22,006962,中短债债券A
2023-06-14,1.2312,0.01,006962,中短债债券A
2023-06-15,1.2287,-0.2,006962,中短债债券A
2023-06-16,1.2277,-0.08,006962,中短债债券A
2023-06-19,1.2267,-0.08,006962,中短债债券A
2023-06-20,1.2277,0.08,006962,中短债债券A
2023-06-21,1.2285,0.07,006962,中短债债券A
2023-06-26,1.2292,0.06,006962,中短债债券A
2023-06-27,1.2287,-0.04,006962,中短债债券A
2023-06-28,1.2291,0.03,006962,中短债债券A
2023-06-29,1.2295,0.03,006962,中短债债券A
2023-06-30,1.2315,0.16,006962,中短债债券A
2023-07-03,1.2315,0.0,006962,中短债债券A
2023-07-04,1.2313,-0.02,006962,中短债债券A
2023-07-05,1.2321,0.06,006962,中短债债券A
2023-07-06,1.2324,0.02,006962,中短债债券A
2023-07-07,1.233,0.05,006962,中短债债券A
2023-07-10,1.2336,0.05,006962,中短债债券A
2023-07-11,1.2343,0.06,006962,中短债债券A
2023-07-12,1.2344,0.01,006962,中短债债券A
2023-07-13,1.234,-0.03,006962,中短债债券A
2023-07-14,1.2337,-0.02,006962,中短债债券A
2023-07-17,1.2345,0.06,006962,中短债债券A
2023-07-18,1.2352,0.06,006962,中短债债券A
2023-07-19,1.2354,0.02,006962,中短债债券A
2023-07-20,1.2356,0.02,006962,中短债债券A
2023-07-21,1.2367,0.09,006962,中短债债券A
2023-07-24,1.2379,0.1,006962,中短债债券A
2023-07-25,1.2324,-0.44,006962,中短债债券A
2023-07-26,1.2344,0.16,006962,中短债债券A
2023-07-27,1.2355,0.09,006962,中短债债券A
2023-07-28,1.2345,-0.08,006962,中短债债券A
2023-07-31,1.2342,-0.02,006962,中短债债券A
2023-08-01,1.2346,0.03,006962,中短债债券A
2023-08-02,1.2355,0.07,006962,中短债债券A
2023-08-03,1.2368,0.11,006962,中短债债券A
2023-08-04,1.2371,0.02,006962,中短债债券A
2023-08-07,1.2377,0.05,006962,中短债债券A
2023-08-08,1.2386,0.07,006962,中短债债券A
2023-08-09,1.2388,0.02,006962,中短债债券A
2023-08-10,1.2387,-0.01,006962,中短债债券A
2023-08-11,1.2394,0.06,006962,中短债债券A
2023-08-14,1.2407,0.1,006962,中短债债券A
2023-08-15,1.2434,0.22,006962,中短债债券A
2023-08-16,1.2443,0.07,006962,中短债债券A
2023-08-17,1.244,-0.02,006962,中短债债券A
2023-08-18,1.2447,0.06,006962,中短债债券A
2023-08-21,1.2468,0.17,006962,中短债债券A
2023-08-22,1.246,-0.06,006962,中短债债券A
2023-08-23,1.2458,-0.02,006962,中短债债券A
2023-08-24,1.2457,-0.01,006962,中短债债券A
2023-08-25,1.2446,-0.09,006962,中短债债券A
2023-08-28,1.2434,-0.1,006962,中短债债券A
2023-08-29,1.2425,-0.07,006962,中短债债券A
2023-08-30,1.2435,0.08,006962,中短债债券A
2023-08-31,1.2439,0.03,006962,中短债债券A
2023-09-01,1.2417,-0.18,006962,中短债债券A
2023-09-04,1.2386,-0.25,006962,中短债债券A
2023-09-05,1.2389,0.02,006962,中短债债券A
2023-09-06,1.236,-0.23,006962,中短债债券A
2023-09-07,1.2356,-0.03,006962,中短债债券A
2023-09-08,1.2355,-0.01,006962,中短债债券A
2023-09-11,1.2356,0.01,006962,中短债债券A
2023-09-12,1.2368,0.1,006962,中短债债券A
2023-09-13,1.2388,0.16,006962,中短债债券A
2023-09-14,1.2401,0.1,006962,中短债债券A
2023-09-15,1.2378,-0.19,006962,中短债债券A
2023-09-18,1.2374,-0.03,006962,中短债债券A
2023-09-19,1.2372,-0.02,006962,中短债债券A
2023-09-20,1.237,-0.02,006962,中短债债券A
2023-09-21,1.2379,0.07,006962,中短债债券A
2023-09-22,1.2369,-0.08,006962,中短债债券A
2023-09-25,1.2356,-0.11,006962,中短债债券A
2023-09-26,1.2351,-0.04,006962,中短债债券A
2023-09-27,1.2348,-0.02,006962,中短债债券A
2023-09-28,1.2366,0.15,006962,中短债债券A
2023-10-09,1.2384,0.15,006962,中短债债券A
2023-10-10,1.2378,-0.05,006962,中短债债券A
2023-10-11,1.2361,-0.14,006962,中短债债券A
2023-10-12,1.2366,0.04,006962,中短债债券A
2023-10-13,1.2382,0.13,006962,中短债债券A
2023-10-16,1.2378,-0.03,006962,中短债债券A
2023-10-17,1.2373,-0.04,006962,中短债债券A
2023-10-18,1.2362,-0.09,006962,中短债债券A
2023-10-19,1.2343,-0.15,006962,中短债债券A
2023-10-20,1.2357,0.11,006962,中短债债券A
2023-10-23,1.2366,0.07,006962,中短债债券A
2023-10-24,1.2361,-0.04,006962,中短债债券A
2023-10-25,1.2381,0.16,006962,中短债债券A
2023-10-26,1.237,-0.09,006962,中短债债券A
2023-10-27,1.2372,0.02,006962,中短债债券A
2023-10-30,1.2376,0.03,006962,中短债债券A
2023-10-31,1.239,0.11,006962,中短债债券A
2023-11-01,1.239,0.0,006962,中短债债券A
2023-11-02,1.2409,0.15,006962,中短债债券A
2023-11-03,1.2401,-0.06,006962,中短债债券A
2023-11-06,1.2405,0.03,006962,中短债债券A
2023-11-07,1.2397,-0.06,006962,中短债债券A
2023-11-08,1.2405,0.06,006962,中短债债券A
2023-11-09,1.2403,-0.02,006962,中短债债券A
2023-11-10,1.2409,0.05,006962,中短债债券A
2023-11-13,1.2409,0.0,006962,中短债债券A
2023-11-14,1.2406,-0.02,006962,中短债债券A
2023-11-15,1.2409,0.02,006962,中短债债券A
2023-11-16,1.2413,0.03,006962,中短债债券A
2023-11-17,1.2416,0.02,006962,中短债债券A
2023-11-20,1.2415,-0.01,006962,中短债债券A
2023-11-21,1.2411,-0.03,006962,中短债债券A
2023-11-22,1.2401,-0.08,006962,中短债债券A
2023-11-23,1.2389,-0.1,006962,中短债债券A
2023-11-24,1.2388,-0.01,006962,中短债债券A
2023-11-27,1.2386,-0.02,006962,中短债债券A
2023-11-28,1.2394,0.06,006962,中短债债券A
2023-11-29,1.239,-0.03,006962,中短债债券A
2023-11-30,1.2393,0.02,006962,中短债债券A
2023-12-01,1.2396,0.02,006962,中短债债券A
2023-12-04,1.2392,-0.03,006962,中短债债券A
2023-12-05,1.2394,0.02,006962,中短债债券A
2023-12-06,1.239,-0.03,006962,中短债债券A
2023-12-07,1.2397,0.06,006962,中短债债券A
2023-12-08,1.2397,0.0,006962,中短债债券A
2023-12-11,1.2414,0.14,006962,中短债债券A
2023-12-12,1.2419,0.04,006962,中短债债券A
2023-12-13,1.244,0.17,006962,中短债债券A
2023-12-14,1.2441,0.01,006962,中短债债券A
2023-12-15,1.2462,0.17,006962,中短债债券A
2023-12-18,1.2473,0.09,006962,中短债债券A
2023-12-19,1.247,-0.02,006962,中短债债券A
2023-12-20,1.2469,-0.01,006962,中短债债券A
2023-12-21,1.2494,0.2,006962,中短债债券A
2023-12-22,1.2509,0.12,006962,中短债债券A
2023-12-25,1.2535,0.21,006962,中短债债券A
2023-12-26,1.2536,0.01,006962,中短债债券A
2023-12-27,1.2557,0.17,006962,中短债债券A
2023-12-28,1.2556,-0.01,006962,中短债债券A
2023-12-29,1.2565,0.07,006962,中短债债券A
2023-12-31,1.2566,0.01,006962,中短债债券A
2024-01-02,1.2558,-0.06,006962,中短债债券A
2024-01-03,1.2558,0.0,006962,中短债债券A
2024-01-04,1.2567,0.07,006962,中短债债券A
2024-01-05,1.2579,0.1,006962,中短债债券A
2024-01-08,1.2581,0.02,006962,中短债债券A
2024-01-09,1.2594,0.1,006962,中短债债券A
2024-01-10,1.2584,-0.08,006962,中短债债券A
2024-01-11,1.258,-0.03,006962,中短债债券A
2024-01-12,1.2565,-0.12,006962,中短债债券A
2024-01-15,1.2569,0.03,006962,中短债债券A
2024-01-16,1.2569,0.0,006962,中短债债券A
2024-01-17,1.2584,0.12,006962,中短债债券A
2024-01-18,1.2586,0.02,006962,中短债债券A
2024-01-19,1.2595,0.07,006962,中短债债券A
2024-01-22,1.261,0.12,006962,中短债债券A
2024-01-23,1.2603,-0.06,006962,中短债债券A
2024-01-24,1.2604,0.01,006962,中短债债券A
2024-01-25,1.2616,0.1,006962,中短债债券A
2024-01-26,1.2619,0.02,006962,中短债债券A
2024-01-29,1.2636,0.13,006962,中短债债券A
2024-01-30,1.2677,0.32,006962,中短债债券A
2024-01-31,1.2699,0.17,006962,中短债债券A
2024-02-01,1.2697,-0.02,006962,中短债债券A
2024-02-02,1.2703,0.05,006962,中短债债券A
2024-02-05,1.2722,0.15,006962,中短债债券A
2024-02-06,1.2678,-0.35,006962,中短债债券A
2024-02-07,1.2713,0.28,006962,中短债债券A
2024-02-08,1.2703,-0.08,006962,中短债债券A
2024-02-19,1.272,0.13,006962,中短债债券A
2024-02-20,1.2736,0.13,006962,中短债债券A
2024-02-21,1.2736,0.0,006962,中短债债券A
2024-02-22,1.275,0.11,006962,中短债债券A
2024-02-23,1.276,0.08,006962,中短债债券A
2024-02-26,1.2797,0.29,006962,中短债债券A
2024-02-27,1.2811,0.11,006962,中短债债券A
2024-02-28,1.2843,0.25,006962,中短债债券A
2024-02-29,1.2866,0.18,006962,中短债债券A
2024-03-01,1.2827,-0.3,006962,中短债债券A
2024-03-04,1.2851,0.19,006962,中短债债券A
2024-03-05,1.2887,0.28,006962,中短债债券A
2024-03-06,1.2963,0.59,006962,中短债债券A
2024-03-07,1.2947,-0.12,006962,中短债债券A
2024-03-08,1.294,-0.05,006962,中短债债券A
2024-03-11,1.291,-0.23,006962,中短债债券A
2024-03-12,1.285,-0.46,006962,中短债债券A
2024-03-13,1.2856,0.05,006962,中短债债券A
2024-03-14,1.2844,-0.09,006962,中短债债券A
2024-03-15,1.2866,0.17,006962,中短债债券A
2024-03-18,1.2898,0.25,006962,中短债债券A
2024-03-19,1.2916,0.14,006962,中短债债券A
2024-03-20,1.2901,-0.12,006962,中短债债券A
2024-03-21,1.2407,0.05,006962,中短债债券A
2024-03-22,1.2395,-0.1,006962,中短债债券A
2024-03-25,1.238,-0.12,006962,中短债债券A
2024-03-26,1.2381,0.01,006962,中短债债券A
2024-03-27,1.2414,0.27,006962,中短债债券A
2024-03-28,1.2405,-0.07,006962,中短债债券A
2024-03-29,1.2414,0.07,006962,中短债债券A
2024-04-01,1.2401,-0.1,006962,中短债债券A
2024-04-02,1.2412,0.09,006962,中短债债券A
2024-04-03,1.2427,0.12,006962,中短债债券A
2024-04-08,1.2436,0.07,006962,中短债债券A
2024-04-09,1.2449,0.1,006962,中短债债券A
2024-04-10,1.2435,-0.11,006962,中短债债券A
2024-04-11,1.245,0.12,006962,中短债债券A
2024-04-12,1.2474,0.19,006962,中短债债券A
2024-04-15,1.2479,0.04,006962,中短债债券A
2024-04-16,1.249,0.09,006962,中短债债券A
2024-04-17,1.2511,0.17,006962,中短债债券A
2024-04-18,1.2537,0.21,006962,中短债债券A
2024-04-19,1.255,0.1,006962,中短债债券A
2024-04-22,1.2573,0.18,006962,中短债债券A
2024-04-23,1.2587,0.11,006962,中短债债券A
2024-04-24,1.2535,-0.41,006962,中短债债券A
2024-04-25,1.254,0.04,006962,中短债债券A
2024-04-26,1.2483,-0.45,006962,中短债债券A
2024-04-29,1.2426,-0.46,006962,中短债债券A
2024-04-30,1.2476,0.4,006962,中短债债券A
2024-05-06,1.2486,0.08,006962,中短债债券A
2024-05-07,1.2517,0.25,006962,中短债债券A
2024-05-08,1.2513,-0.03,006962,中短债债券A
2024-05-09,1.2485,-0.22,006962,中短债债券A
2024-05-10,1.2486,0.01,006962,中短债债券A
2024-05-13,1.2509,0.18,006962,中短债债券A
2024-05-14,1.2516,0.06,006962,中短债债券A
2024-05-15,1.2511,-0.04,006962,中短债债券A
2024-05-16,1.2496,-0.12,006962,中短债债券A
2024-05-17,1.2501,0.04,006962,中短债债券A
2024-05-20,1.2502,0.01,006962,中短债债券A
2024-05-21,1.2502,0.0,006962,中短债债券A
2024-05-22,1.2502,0.0,006962,中短债债券A
2024-05-23,1.2514,0.1,006962,中短债债券A
2024-05-24,1.251,-0.03,006962,中短债债券A
2024-05-27,1.2514,0.03,006962,中短债债券A
2024-05-28,1.2528,0.11,006962,中短债债券A
2024-05-29,1.2533,0.04,006962,中短债债券A
2024-05-30,1.2532,-0.01,006962,中短债债券A
2024-05-31,1.2529,-0.02,006962,中短债债券A
2024-06-03,1.2553,0.19,006962,中短债债券A
2024-06-04,1.2564,0.09,006962,中短债债券A
2024-06-05,1.2585,0.17,006962,中短债债券A
2024-06-06,1.259,0.04,006962,中短债债券A
2024-06-07,1.2586,-0.03,006962,中短债债券A
2024-06-11,1.2594,0.06,006962,中短债债券A
2024-06-12,1.259,-0.03,006962,中短债债券A
2024-06-13,1.2596,0.05,006962,中短债债券A
2024-06-14,1.2611,0.12,006962,中短债债券A
2024-06-17,1.2611,0.0,006962,中短债债券A
2024-06-18,1.2621,0.08,006962,中短债债券A
2024-06-19,1.2642,0.17,006962,中短债债券A
2024-06-20,1.2641,-0.01,006962,中短债债券A
2024-06-21,1.2628,-0.1,006962,中短债债券A
2024-06-24,1.2645,0.13,006962,中短债债券A
2024-06-25,1.2655,0.08,006962,中短债债券A
2024-06-26,1.2664,0.07,006962,中短债债券A
2024-06-27,1.2686,0.17,006962,中短债债券A
2024-06-28,1.2689,0.02,006962,中短债债券A
2024-06-30,1.269,0.01,006962,中短债债券A
2024-07-01,1.265,-0.32,006962,中短债债券A
2024-07-02,1.268,0.24,006962,中短债债券A
2024-07-03,1.2692,0.09,006962,中短债债券A
2024-07-04,1.2689,-0.02,006962,中短债债券A
2024-07-05,1.2664,-0.2,006962,中短债债券A
2024-07-08,1.2638,-0.21,006962,中短债债券A
2024-07-09,1.2661,0.18,006962,中短债债券A
2024-07-10,1.2662,0.01,006962,中短债债券A
2024-07-11,1.2673,0.09,006962,中短债债券A
2024-07-12,1.2683,0.08,006962,中短债债券A
2024-07-15,1.27,0.13,006962,中短债债券A
2024-07-16,1.2709,0.07,006962,中短债债券A
2024-07-17,1.2711,0.02,006962,中短债债券A
2024-07-18,1.27,-0.09,006962,中短债债券A
2024-07-19,1.2709,0.07,006962,中短债债券A
2024-07-22,1.2744,0.28,006962,中短债债券A
2024-07-23,1.277,0.2,006962,中短债债券A
2024-07-24,1.2766,-0.03,006962,中短债债券A
2024-07-25,1.2784,0.14,006962,中短债债券A
2024-07-26,1.2788,0.03,006962,中短债债券A
2024-07-29,1.2814,0.2,006962,中短债债券A
2024-07-30,1.2821,0.05,006962,中短债债券A
2024-07-31,1.2829,0.06,006962,中短债债券A
2024-08-01,1.2856,0.21,006962,中短债债券A
2024-08-02,1.2863,0.05,006962,中短债债券A
2024-08-05,1.287,0.05,006962,中短债债券A
2024-08-06,1.2864,-0.05,006962,中短债债券A
2024-08-07,1.2883,0.15,006962,中短债债券A
2024-08-08,1.2835,-0.37,006962,中短债债券A
2024-08-09,1.2807,-0.22,006962,中短债债券A
2024-08-12,1.2745,-0.48,006962,中短债债券A
2024-08-13,1.2792,0.37,006962,中短债债券A
2024-08-14,1.2824,0.25,006962,中短债债券A
2024-08-15,1.2791,-0.26,006962,中短债债券A
2024-08-16,1.2793,0.02,006962,中短债债券A
2024-08-19,1.2815,0.17,006962,中短债债券A
2024-08-20,1.2817,0.02,006962,中短债债券A
2024-08-21,1.2817,0.0,006962,中短债债券A
2024-08-22,1.282,0.02,006962,中短债债券A
2024-08-23,1.2825,0.04,006962,中短债债券A
2024-08-26,1.281,-0.12,006962,中短债债券A
2024-08-27,1.2784,-0.2,006962,中短债债券A
2024-08-28,1.2811,0.21,006962,中短债债券A
2024-08-29,1.2796,-0.12,006962,中短债债券A
2024-08-30,1.2798,0.02,006962,中短债债券A
2024-09-02,1.2829,0.24,006962,中短债债券A
2024-09-03,1.2835,0.05,006962,中短债债券A
2024-09-04,1.2848,0.1,006962,中短债债券A
2024-09-05,1.2849,0.01,006962,中短债债券A
2024-09-06,1.2848,-0.01,006962,中短债债券A
2024-09-09,1.2866,0.14,006962,中短债债券A
2024-09-10,1.2877,0.09,006962,中短债债券A
2024-09-11,1.2899,0.17,006962,中短债债券A
2024-09-12,1.2904,0.04,006962,中短债债券A
2024-09-13,1.293,0.2,006962,中短债债券A
2024-09-18,1.2958,0.22,006962,中短债债券A
2024-09-19,1.296,0.02,006962,中短债债券A
2024-09-20,1.2967,0.05,006962,中短债债券A
2024-09-23,1.2973,0.05,006962,中短债债券A
2024-09-24,1.2935,-0.29,006962,中短债债券A
2024-09-25,1.2984,0.38,006962,中短债债券A
2024-09-26,1.2939,-0.35,006962,中短债债券A
2024-09-27,1.2822,-0.9,006962,中短债债券A
2024-09-30,1.2825,0.02,006962,中短债债券A
2024-10-08,1.2782,-0.34,006962,中短债债券A
2024-10-09,1.2805,0.18,006962,中短债债券A
2024-10-10,1.2855,0.39,006962,中短债债券A
2024-10-11,1.2861,0.05,006962,中短债债券A
2024-10-14,1.2867,0.05,006962,中短债债券A
2024-10-15,1.2882,0.12,006962,中短债债券A
2024-10-16,1.2875,-0.05,006962,中短债债券A
2024-10-17,1.2902,0.21,006962,中短债债券A
2024-10-18,1.2888,-0.11,006962,中短债债券A
2024-10-21,1.289,0.02,006962,中短债债券A
2024-10-22,1.2863,-0.21,006962,中短债债券A
2024-10-23,1.285,-0.1,006962,中短债债券A
2024-10-24,1.2844,-0.05,006962,中短债债券A
2024-10-25,1.2851,0.05,006962,中短债债券A
2024-10-28,1.2842,-0.07,006962,中短债债券A
2024-10-29,1.2847,0.04,006962,中短债债券A
2024-10-30,1.2846,-0.01,006962,中短债债券A
2024-10-31,1.2861,0.12,006962,中短债债券A
2024-11-01,1.2876,0.12,006962,中短债债券A
2024-11-04,1.2881,0.04,006962,中短债债券A
2024-11-05,1.2895,0.11,006962,中短债债券A
2024-11-06,1.2885,-0.08,006962,中短债债券A
2024-11-07,1.2898,0.1,006962,中短债债券A
2024-11-08,1.2907,0.07,006962,中短债债券A
2024-11-11,1.2924,0.13,006962,中短债债券A
2024-11-12,1.2953,0.22,006962,中短债债券A
2024-11-13,1.2936,-0.13,006962,中短债债券A
2024-11-14,1.2944,0.06,006962,中短债债券A
2024-11-15,1.2939,-0.04,006962,中短债债券A
2024-11-18,1.2922,-0.13,006962,中短债债券A
2024-11-19,1.2939,0.13,006962,中短债债券A
2024-11-20,1.2934,-0.04,006962,中短债债券A
2024-11-21,1.2955,0.16,006962,中短债债券A
2024-11-22,1.2956,0.01,006962,中短债债券A
2024-11-25,1.2978,0.17,006962,中短债债券A
2024-11-26,1.2981,0.02,006962,中短债债券A
2024-11-27,1.2979,-0.02,006962,中短债债券A
2024-11-28,1.3006,0.21,006962,中短债债券A
2024-11-29,1.3027,0.16,006962,中短债债券A
2024-12-02,1.3072,0.35,006962,中短债债券A
2024-12-03,1.3073,0.01,006962,中短债债券A
2024-12-04,1.3115,0.32,006962,中短债债券A
2024-12-05,1.3127,0.09,006962,中短债债券A
2024-12-06,1.3117,-0.08,006962,中短债债券A
2024-12-09,1.3168,0.39,006962,中短债债券A
2024-12-10,1.326,0.7,006962,中短债债券A
2024-12-11,1.3281,0.16,006962,中短债债券A
2024-12-12,1.3292,0.08,006962,中短债债券A
2024-12-13,1.3339,0.35,006962,中短债债券A
2024-12-16,1.3408,0.52,006962,中短债债券A
2024-12-17,1.3398,-0.07,006962,中短债债券A
2024-12-18,1.3356,-0.31,006962,中短债债券A
2024-12-19,1.3378,0.16,006962,中短债债券A
2024-12-20,1.3427,0.37,006962,中短债债券A
2024-12-23,1.3427,0.0,006962,中短债债券A
2024-12-24,1.3394,-0.25,006962,中短债债券A
2024-12-25,1.3368,-0.19,006962,中短债债券A
2024-12-26,1.3408,0.3,006962,中短债债券A
2024-12-27,1.3437,0.22,006962,中短债债券A
2024-12-30,1.3432,-0.04,006962,中短债债券A
2024-12-31,1.3466,0.25,006962,中短债债券A
2025-01-02,1.3544,0.58,006962,中短债债券A
2025-01-03,1.3557,0.1,006962,中短债债券A
2025-01-06,1.3571,0.1,006962,中短债债券A
2025-01-07,1.355,-0.15,006962,中短债债券A
2025-01-08,1.3549,-0.01,006962,中短债债券A
2025-01-09,1.3519,-0.22,006962,中短债债券A
2025-01-10,1.353,0.08,006962,中短债债券A
2025-01-13,1.3501,-0.21,006962,中短债债券A
2025-01-14,1.3534,0.24,006962,中短债债券A
2025-01-15,1.3543,0.07,006962,中短债债券A
2025-01-16,1.353,-0.1,006962,中短债债券A
2025-01-17,1.3518,-0.09,006962,中短债债券A
2025-01-20,1.3503,-0.11,006962,中短债债券A
2025-01-21,1.3536,0.24,006962,中短债债券A
2025-01-22,1.3526,-0.07,006962,中短债债券A
2025-01-23,1.3512,-0.1,006962,中短债债券A
2025-01-24,1.3517,0.04,006962,中短债债券A
2025-01-27,1.3553,0.27,006962,中短债债券A
2025-02-05,1.3577,0.18,006962,中短债债券A
2025-02-06,1.36,0.17,006962,中短债债券A
2025-02-07,1.3595,-0.04,006962,中短债债券A
2025-02-10,1.3567,-0.21,006962,中短债债券A
2025-02-11,1.3578,0.08,006962,中短债债券A
2025-02-12,1.357,-0.06,006962,中短债债券A
2025-02-13,1.3567,-0.02,006962,中短债债券A
2025-02-14,1.3541,-0.19,006962,中短债债券A
2025-02-17,1.3502,-0.29,006962,中短债债券A
2025-02-18,1.3486,-0.12,006962,中短债债券A
2025-02-19,1.351,0.18,006962,中短债债券A
2025-02-20,1.3472,-0.28,006962,中短债债券A
2025-02-21,1.343,-0.31,006962,中短债债券A
2025-02-24,1.3375,-0.41,006962,中短债债券A
2025-02-25,1.3398,0.17,006962,中短债债券A
2025-02-26,1.3396,-0.01,006962,中短债债券A
2025-02-27,1.336,-0.27,006962,中短债债券A
2025-02-28,1.3392,0.24,006962,中短债债券A
2025-03-03,1.3427,0.26,006962,中短债债券A
2025-03-04,1.3422,-0.04,006962,中短债债券A
2025-03-05,1.343,0.06,006962,中短债债券A
2025-03-06,1.3386,-0.33,006962,中短债债券A
2025-03-07,1.3324,-0.46,006962,中短债债券A
2025-03-10,1.3298,-0.2,006962,中短债债券A
2025-03-11,1.3218,-0.6,006962,中短债债券A
2025-03-12,1.3254,0.27,006962,中短债债券A
2025-03-13,1.324,-0.11,006962,中短债债券A
2025-03-14,1.3275,0.26,006962,中短债债券A
2025-03-17,1.3196,-0.6,006962,中短债债券A
2025-03-18,1.3201,0.04,006962,中短债债券A
2025-03-19,1.3217,0.12,006962,中短债债券A
2025-03-20,1.3274,0.43,006962,中短债债券A
2025-03-21,1.3262,-0.09,006962,中短债债券A
2025-03-24,1.3278,0.12,006962,中短债债券A
2025-03-25,1.3294,0.12,006962,中短债债券A
2025-03-26,1.3326,0.24,006962,中短债债券A
2025-03-27,1.3315,-0.08,006962,中短债债券A
2025-03-28,1.3306,-0.07,006962,中短债债券A
2025-03-31,1.3333,0.2,006962,中短债债券A
2025-04-01,1.3341,0.06,006962,中短债债券A
2025-04-02,1.3382,0.31,006962,中短债债券A
2025-04-03,1.3471,0.67,006962,中短债债券A
2025-04-07,1.3547,0.56,006962,中短债债券A
2025-04-08,1.3492,-0.41,006962,中短债债券A
2025-04-09,1.3491,-0.01,006962,中短债债券A
2025-04-10,1.3499,0.06,006962,中短债债券A
2025-04-11,1.3499,0.0,006962,中短债债券A
2025-04-14,1.3501,0.01,006962,中短债债券A
2025-04-15,1.3502,0.01,006962,中短债债券A
2025-04-16,1.3517,0.11,006962,中短债债券A
2025-04-17,1.3505,-0.09,006962,中短债债券A
2025-04-18,1.3511,0.04,006962,中短债债券A
2025-04-21,1.3497,-0.1,006962,中短债债券A
2025-04-22,1.3513,0.12,006962,中短债债券A
2025-04-23,1.3498,-0.11,006962,中短债债券A
2025-04-24,1.3495,-0.02,006962,中短债债券A
2025-04-25,1.3498,0.02,006962,中短债债券A
2025-04-28,1.3511,0.1,006962,中短债债券A
2025-04-29,1.3545,0.25,006962,中短债债券A
2025-04-30,1.3553,0.06,006962,中短债债券A
2025-05-06,1.3556,0.02,006962,中短债债券A
2025-05-07,1.3537,-0.14,006962,中短债债券A
2025-05-08,1.3564,0.2,006962,中短债债券A
2025-05-09,1.3573,0.07,006962,中短债债券A
2025-05-12,1.3508,-0.48,006962,中短债债券A
2025-05-13,1.3541,0.24,006962,中短债债券A
2025-05-14,1.3535,-0.04,006962,中短债债券A
2025-05-15,1.3515,-0.15,006962,中短债债券A
2025-05-16,1.3512,-0.02,006962,中短债债券A
2025-05-19,1.3535,0.17,006962,中短债债券A
2025-05-20,1.3529,-0.04,006962,中短债债券A
2025-05-21,1.3526,-0.02,006962,中短债债券A
2025-05-22,1.3525,-0.01,006962,中短债债券A
2025-05-23,1.3532,0.05,006962,中短债债券A
2025-05-26,1.3538,0.04,006962,中短债债券A
2025-05-27,1.3522,-0.12,006962,中短债债券A
2025-05-28,1.351,-0.09,006962,中短债债券A
2025-05-29,1.3489,-0.16,006962,中短债债券A
2025-05-30,1.3516,0.2,006962,中短债债券A
2025-06-03,1.3513,-0.02,006962,中短债债券A
2025-06-04,1.3521,0.06,006962,中短债债券A
2025-06-05,1.3523,0.01,006962,中短债债券A
2025-06-06,1.3553,0.22,006962,中短债债券A
2025-06-09,1.3558,0.04,006962,中短债债券A
2025-06-10,1.3557,-0.01,006962,中短债债券A
2025-06-11,1.3569,0.09,006962,中短债债券A
2025-06-12,1.3567,-0.01,006962,中短债债券A
2025-06-13,1.3567,0.0,006962,中短债债券A
2025-06-16,1.357,0.02,006962,中短债债券A
2025-06-17,1.3588,0.13,006962,中短债债券A
2025-06-18,1.3591,0.02,006962,中短债债券A
2025-06-19,1.3596,0.04,006962,中短债债券A
2025-06-20,1.3601,0.04,006962,中短债债券A
2025-06-23,1.3603,0.01,006962,中短债债券A
2025-06-24,1.359,-0.1,006962,中短债债券A
2025-06-25,1.3575,-0.11,006962,中短债债券A
2025-06-26,1.3583,0.06,006962,中短债债券A
2025-06-27,1.3584,0.01,006962,中短债债券A
2025-06-30,1.358,-0.03,006962,中短债债券A
2025-07-01,1.3593,0.1,006962,中短债债券A
2025-07-02,1.3611,0.13,006962,中短债债券A
2025-07-03,1.3612,0.01,006962,中短债债券A
2025-07-04,1.3613,0.01,006962,中短债债券A
2025-07-07,1.3611,-0.01,006962,中短债债券A
2025-07-08,1.3601,-0.07,006962,中短债债券A
2025-07-09,1.36,-0.01,006962,中短债债券A
2025-07-10,1.3579,-0.15,006962,中短债债券A
2025-07-11,1.3574,-0.04,006962,中短债债券A
2025-07-14,1.3565,-0.07,006962,中短债债券A
2025-07-15,1.3591,0.19,006962,中短债债券A
2025-07-16,1.3587,-0.03,006962,中短债债券A
2025-07-17,1.3587,0.0,006962,中短债债券A
2025-07-18,1.3584,-0.02,006962,中短债债券A
2025-07-21,1.3564,-0.15,006962,中短债债券A
2025-07-22,1.354,-0.18,006962,中短债债券A
2025-07-23,1.3522,-0.13,006962,中短债债券A
2025-07-24,1.3471,-0.38,006962,中短债债券A
2025-07-25,1.3475,0.03,006962,中短债债券A
2025-07-28,1.3504,0.22,006962,中短债债券A
2025-07-29,1.346,-0.33,006962,中短债债券A
2025-07-30,1.3497,0.27,006962,中短债债券A
2025-07-31,1.352,0.17,006962,中短债债券A
2025-08-01,1.3521,0.01,006962,中短债债券A
2025-08-04,1.3516,-0.04,006962,中短债债券A
2025-08-05,1.3513,-0.02,006962,中短债债券A
2025-08-06,1.3513,0.0,006962,中短债债券A
2025-08-07,1.352,0.05,006962,中短债债券A
2025-08-08,1.3524,0.03,006962,中短债债券A
2025-08-11,1.3491,-0.24,006962,中短债债券A
2025-08-12,1.3468,-0.17,006962,中短债债券A
2025-08-13,1.347,0.01,006962,中短债债券A
2025-08-14,1.3456,-0.1,006962,中短债债券A
2025-08-15,1.3438,-0.13,006962,中短债债券A
2025-08-18,1.337,-0.51,006962,中短债债券A
2025-08-19,1.339,0.15,006962,中短债债券A
2025-08-20,1.3381,-0.07,006962,中短债债券A
2025-08-21,1.341,0.22,006962,中短债债券A
2025-08-22,1.3399,-0.08,006962,中短债债券A
2025-08-25,1.3428,0.22,006962,中短债债券A
2025-08-26,1.3433,0.04,006962,中短债债券A
2025-08-27,1.3427,-0.04,006962,中短债债券A
2025-08-28,1.3393,-0.25,006962,中短债债券A
2025-08-29,1.3403,0.07,006962,中短债债券A
2025-09-01,1.3416,0.1,006962,中短债债券A
2025-09-02,1.3417,0.01,006962,中短债债券A
2025-09-03,1.3442,0.19,006962,中短债债券A
2025-09-04,1.3436,-0.04,006962,中短债债券A
2025-09-05,1.3418,-0.13,006962,中短债债券A
2025-09-08,1.3391,-0.2,006962,中短债债券A
2025-09-09,1.3371,-0.15,006962,中短债债券A
2025-09-10,1.3331,-0.3,006962,中短债债券A
2025-09-11,1.3333,0.02,006962,中短债债券A
2025-09-12,1.3352,0.14,006962,中短债债券A
2025-09-15,1.3357,0.04,006962,中短债债券A
2025-09-16,1.3379,0.16,006962,中短债债券A
2025-09-17,1.3402,0.17,006962,中短债债券A
2025-09-18,1.3383,-0.14,006962,中短债债券A
2025-09-19,1.3362,-0.16,006962,中短债债券A
2025-09-22,1.3378,0.12,006962,中短债债券A
2025-09-23,1.3359,-0.14,006962,中短债债券A
2025-09-24,1.3334,-0.19,006962,中短债债券A
2025-09-25,1.3337,0.02,006962,中短债债券A
2025-09-26,1.3334,-0.02,006962,中短债债券A
2025-09-29,1.3312,-0.16,006962,中短债债券A
2025-09-30,1.3337,0.19,006962,中短债债券A
2025-10-09,1.3351,0.1,006962,中短债债券A
2025-10-10,1.3348,-0.02,006962,中短债债券A
2025-10-13,1.3367,0.14,006962,中短债债券A
2025-10-14,1.3378,0.08,006962,中短债债券A
2025-10-15,1.3374,-0.03,006962,中短债债券A
2025-10-16,1.3381,0.05,006962,中短债债券A
2025-10-17,1.3407,0.19,006962,中短债债券A
2025-10-20,1.3393,-0.1,006962,中短债债券A
2025-10-21,1.3411,0.13,006962,中短债债券A
2025-10-22,1.3409,-0.01,006962,中短债债券A
2025-10-23,1.3405,-0.03,006962,中短债债券A
2025-10-24,1.3399,-0.04,006962,中短债债券A
2025-10-27,1.3408,0.07,006962,中短债债券A
2025-10-28,1.3432,0.18,006962,中短债债券A
2025-10-29,1.3432,0.0,006962,中短债债券A
2025-10-30,1.3448,0.12,006962,中短债债券A
2025-10-31,1.3475,0.2,006962,中短债债券A
2025-11-03,1.3483,0.06,006962,中短债债券A
2025-11-04,1.3481,-0.01,006962,中短债债券A
2025-11-05,1.3483,0.01,006962,中短债债券A
2025-11-06,1.3466,-0.13,006962,中短债债券A
2025-11-07,1.3454,-0.09,006962,中短债债券A
2025-11-10,1.3457,0.02,006962,中短债债券A
2025-11-11,1.346,0.02,006962,中短债债券A
2025-11-12,1.3468,0.06,006962,中短债债券A
2025-11-13,1.3466,-0.01,006962,中短债债券A
2025-11-14,1.3468,0.01,006962,中短债债券A
2025-11-17,1.3479,0.08,006962,中短债债券A
2025-11-18,1.348,0.01,006962,中短债债券A
2025-11-19,1.3474,-0.04,006962,中短债债券A
2025-11-20,1.3476,0.01,006962,中短债债券A
2025-11-21,1.3475,-0.01,006962,中短债债券A
2025-11-24,1.3477,0.01,006962,中短债债券A
2025-11-25,1.3466,-0.08,006962,中短债债券A
2025-11-26,1.3443,-0.17,006962,中短债债券A
2025-11-27,1.3429,-0.1,006962,中短债债券A
2025-11-28,1.3446,0.13,006962,中短债债券A
2025-12-01,1.345,0.03,006962,中短债债券A
2025-12-02,1.3439,-0.08,006962,中短债债券A
2025-12-03,1.3419,-0.15,006962,中短债债券A
2025-12-04,1.3385,-0.25,006962,中短债债券A
2025-12-05,1.3404,0.14,006962,中短债债券A
2025-12-08,1.3406,0.01,006962,中短债债券A
2025-12-09,1.3425,0.14,006962,中短债债券A
2025-12-10,1.3439,0.1,006962,中短债债券A
2025-12-11,1.3451,0.09,006962,中短债债券A
2025-12-12,1.3433,-0.13,006962,中短债债券A
2025-12-15,1.3412,-0.16,006962,中短债债券A
2025-12-16,1.3417,0.04,006962,中短债债券A
2025-12-17,1.3443,0.19,006962,中短债债券A
2025-12-18,1.3442,-0.01,006962,中短债债券A
2025-12-19,1.3458,0.12,006962,中短债债券A
2025-12-22,1.3443,-0.11,006962,中短债债券A
2025-12-23,1.3456,0.1,006962,中短债债券A
2025-12-24,1.3455,-0.01,006962,中短债债券A
2025-12-25,1.3451,-0.03,006962,中短债债券A
2025-12-26,1.3453,0.01,006962,中短债债券A
2025-12-29,1.3424,-0.22,006962,中短债债券A
2025-12-30,1.3416,-0.06,006962,中短债债券A
2025-12-31,1.3421,0.04,006962,中短债债券A
2026-01-05,1.3422,0.01,006962,中短债债券A
2026-01-06,1.3397,-0.19,006962,中短债债券A
2026-01-07,1.3387,-0.07,006962,中短债债券A
2026-01-08,1.3403,0.12,006962,中短债债券A
2026-01-09,1.3407,0.03,006962,中短债债券A
2026-01-12,1.3418,0.08,006962,中短债债券A
2026-01-13,1.3424,0.04,006962,中短债债券A
2026-01-14,1.343,0.04,006962,中短债债券A
2026-01-15,1.3425,-0.04,006962,中短债债券A
2026-01-16,1.3437,0.09,006962,中短债债券A
2026-01-19,1.3441,0.03,006962,中短债债券A
2026-01-20,1.3459,0.13,006962,中短债债券A
2026-01-21,1.3467,0.06,006962,中短债债券A
2026-01-22,1.3461,-0.04,006962,中短债债券A
2026-01-23,1.3475,0.1,006962,中短债债券A
2026-01-26,1.3477,0.01,006962,中短债债券A
2026-01-27,1.3471,-0.04,006962,中短债债券A
2026-01-28,1.3478,0.05,006962,中短债债券A
2026-01-29,1.3475,-0.02,006962,中短债债券A
2026-01-30,1.3476,0.01,006962,中短债债券A
2026-02-02,1.3481,0.04,006962,中短债债券A
2026-02-03,1.348,-0.01,006962,中短债债券A
2026-02-04,1.3479,-0.01,006962,中短债债券A
2026-02-05,1.3491,0.09,006962,中短债债券A
2026-02-06,1.3506,0.11,006962,中短债债券A
2026-02-09,1.3522,0.12,006962,中短债债券A
2026-02-10,1.3522,0.0,006962,中短债债券A
2026-02-11,1.3526,0.03,006962,中短债债券A
2026-02-12,1.3535,0.07,006962,中短债债券A
2026-02-13,1.3534,-0.01,006962,中短债债券A
2026-02-24,1.3541,0.05,006962,中短债债券A
2026-02-25,1.3527,-0.1,006962,中短债债券A
2026-02-26,1.3509,-0.13,006962,中短债债券A
2026-02-27,1.3519,0.07,006962,中短债债券A
2026-03-02,1.3537,0.13,006962,中短债债券A
2026-03-03,1.3536,-0.01,006962,中短债债券A
2026-03-04,1.3552,0.12,006962,中短债债券A
2026-03-05,1.3555,0.02,006962,中短债债券A
2026-03-06,1.3552,-0.02,006962,中短债债券A
2026-03-09,1.3528,-0.18,006962,中短债债券A
2026-03-10,1.3533,0.04,006962,中短债债券A
2026-03-11,1.3531,-0.01,006962,中短债债券A
2026-03-12,1.3546,0.11,006962,中短债债券A
2026-03-13,1.3551,0.04,006962,中短债债券A
2026-03-16,1.3545,-0.04,006962,中短债债券A
2026-03-17,1.3553,0.06,006962,中短债债券A
2026-03-18,1.3572,0.14,006962,中短债债券A
2026-03-19,1.3575,0.02,006962,中短债债券A
2026-03-20,1.3578,0.02,006962,中短债债券A
2026-03-23,1.3573,-0.04,006962,中短债债券A
2026-03-24,1.3573,0.0,006962,中短债债券A
2026-03-25,1.3572,-0.01,006962,中短债债券A
2026-03-26,1.3573,0.01,006962,中短债债券A
2026-03-27,1.3575,0.01,006962,中短债债券A
2026-03-30,1.3595,0.15,006962,中短债债券A
2026-03-31,1.3594,-0.01,006962,中短债债券A
2026-04-01,1.3586,-0.06,006962,中短债债券A
2026-04-02,1.3591,0.04,006962,中短债债券A
2026-04-03,1.3611,0.15,006962,中短债债券A
2026-04-07,1.3627,0.12,006962,中短债债券A
2026-04-08,1.3631,0.03,006962,中短债债券A
2026-04-09,1.3625,-0.04,006962,中短债债券A
2026-04-10,1.363,0.04,006962,中短债债券A
2026-04-13,1.364,0.07,006962,中短债债券A
2026-04-14,1.3644,0.03,006962,中短债债券A
2026-04-15,1.3652,0.06,006962,中短债债券A
2026-04-16,1.3659,0.05,006962,中短债债券A
2026-04-17,1.3682,0.17,006962,中短债债券A
2026-04-20,1.3685,0.02,006962,中短债债券A
2026-04-21,1.3689,0.03,006962,中短债债券A
2026-04-22,1.3693,0.03,006962,中短债债券A
2026-04-23,1.3676,-0.12,006962,中短债债券A
2026-04-24,1.3655,-0.15,006962,中短债债券A
2026-04-27,1.364,-0.11,006962,中短债债券A
2026-04-28,1.3657,0.12,006962,中短债债券A
2026-04-29,1.3679,0.16,006962,中短债债券A
2026-04-30,1.3672,-0.05,006962,中短债债券A
2026-05-06,1.3663,-0.07,006962,中短债债券A
2026-05-07,1.3673,0.07,006962,中短债债券A
2026-05-08,1.3678,0.04,006962,中短债债券A
2026-05-11,1.3687,0.07,006962,中短债债券A
2026-05-12,1.3693,0.04,006962,中短债债券A
2026-05-13,1.3702,0.07,006962,中短债债券A
2026-05-14,1.3696,-0.04,006962,中短债债券A
2026-05-15,1.3694,-0.01,006962,中短债债券A
2026-05-18,1.3706,0.09,006962,中短债债券A
2026-05-19,1.3725,0.14,006962,中短债债券A
2026-05-20,1.3726,0.01,006962,中短债债券A
2026-05-21,1.3723,-0.02,006962,中短债债券A
2026-05-22,1.372,-0.02,006962,中短债债券A
