序号,基金代码,基金简称,日期,万份收益,年化收益率7日,年化收益率14日,年化收益率28日,近1月,近3月,近6月,近1年,近2年,近3年,近5年,今年来,成立来,手续费
1,000682,信澳慧管家货币C,2026-05-23,0.3671,1.401,1.386,1.397,0.11,0.36,0.74,1.54,3.36,5.43,9.75,0.58,36.55,0.00%
2,016778,长城收益宝货币C,2026-05-23,0.3616,1.339,1.3377,1.3476,0.11,0.34,0.71,1.51,3.41,5.82,,0.55,7.38,0.00%
3,004121,兴银现金添利A,2026-05-22,0.3381,1.373,1.4069,1.4157,0.12,0.38,0.71,1.49,3.32,5.89,9.81,0.55,23.49,0.00%
4,004869,国联日盈B,2026-05-22,0.3475,1.69,1.5006,1.4081,0.11,0.38,0.72,1.49,3.28,5.63,9.72,0.56,22.62,0.00%
5,000716,工银薪金货币B,2026-05-23,0.3369,1.277,1.2897,1.2752,0.1,0.34,0.71,1.48,3.26,5.6,10.29,0.55,39.08,0.00%
6,002890,交银天利宝货币E,2026-05-22,0.3253,1.309,1.3031,1.2996,0.11,0.34,0.72,1.48,3.25,5.56,10.71,0.56,28.73,0.00%
7,010883,中信保诚智惠金货币C,2026-05-22,0.6643,1.508,1.3736,1.3144,0.11,0.34,0.71,1.48,3.34,5.7,9.96,0.55,11.12,0.00%
8,519589,交银货币B,2026-05-22,0.3538,1.322,1.3282,1.331,0.11,0.34,0.71,1.48,3.28,5.54,10.22,0.55,68.98,0.00%
9,000627,大成丰财宝货币B,2026-05-24,0.3477,1.278,1.2832,1.3073,0.11,0.33,0.7,1.47,3.27,5.4,10.09,0.54,37.62,0.00%
10,000725,大成添利宝货币B,2026-05-24,0.3557,1.35,1.3405,1.3334,0.11,0.34,0.7,1.47,3.33,5.59,9.7,0.55,36.42,0.00%
11,001526,鑫元安鑫宝A,2026-05-23,0.3528,1.35,1.3275,1.327,0.11,0.34,0.71,1.47,3.28,5.59,10.32,0.55,24.91,0.00%
12,001698,大成恒丰宝货币B,2026-05-24,0.3515,1.314,1.3224,1.3313,0.11,0.34,0.7,1.47,3.33,5.64,8.68,0.55,27.82,0.00%
13,002234,泰信天天收益货币B,2026-05-22,0.3501,1.262,1.2385,1.3032,0.11,0.38,0.72,1.47,3.24,5.66,10.64,0.55,27.34,0.00%
14,002937,华夏沃利货币B,2026-05-23,0.3513,1.423,1.3774,1.3673,0.11,0.35,0.71,1.47,3.3,5.6,10.43,0.55,27.06,0.00%
15,004137,博时合惠货币B,2026-05-23,0.3466,1.362,1.3324,1.3283,0.11,0.34,0.7,1.47,3.3,5.61,10.57,0.55,28.19,0.00%
16,004417,兴全货币B,2026-05-23,0.3414,1.269,1.3159,1.3213,0.11,0.33,0.7,1.47,3.29,5.64,10.61,0.54,27.2,0.00%
17,005107,广发添利货币B,2026-05-23,0.34,1.329,1.34,1.3612,0.11,0.34,0.71,1.47,3.31,5.6,10.26,0.55,21.9,0.00%
18,007866,创金合信货币C,2026-05-24,0.6502,1.317,1.3325,1.3064,0.11,0.37,0.71,1.47,3.33,5.68,10.18,0.54,15.01,0.00%
19,163820,中银货币B,2026-05-22,0.333,1.321,1.3296,1.3439,0.11,0.34,0.71,1.47,3.3,5.57,10.24,0.55,49.71,0.00%
20,000621,易方达现金增利货币B,2026-05-23,0.3639,1.351,1.3478,1.3498,0.11,0.34,0.71,1.46,3.28,5.63,10.7,0.56,37.41,0.00%
21,000700,宏利货币B,2026-05-22,0.3665,1.471,1.3581,1.3236,0.11,0.36,0.7,1.46,3.28,5.62,10.65,0.54,38.77,0.00%
22,000602,富国安益货币A,2026-05-23,0.3452,1.309,1.3111,1.3109,0.11,0.34,0.7,1.46,3.31,5.63,10.41,0.54,35.0,0.00%
23,000759,平安财富宝货币A,2026-05-23,0.3558,1.376,1.3654,1.3508,0.11,0.34,0.7,1.46,3.28,5.6,10.38,0.55,39.03,0.00%
24,000891,博时现金宝货币B,2026-05-23,0.3434,1.292,1.3147,1.3157,0.11,0.34,0.71,1.46,3.28,5.56,10.32,0.54,35.85,0.00%
25,001821,兴全天添益货币B,2026-05-23,0.3596,1.356,1.3302,1.3304,0.11,0.34,0.7,1.46,3.32,5.71,10.73,0.54,32.34,0.00%
26,003034,平安日鑫A,2026-05-23,0.3525,1.314,1.3373,1.3261,0.11,0.33,0.7,1.46,3.28,5.6,10.51,0.54,27.88,0.00%
27,003483,交银天鑫宝货币E,2026-05-22,0.3524,1.35,1.3349,1.337,0.11,0.34,0.71,1.46,3.22,5.45,10.39,0.55,26.95,0.00%
28,288201,华夏货币B,2026-05-23,0.3447,1.321,1.3147,1.3115,0.11,0.34,0.71,1.46,3.3,5.64,9.92,0.55,47.82,0.00%
29,210013,金鹰货币B,2026-05-24,0.3277,1.342,1.2752,1.3242,0.11,0.33,0.7,1.46,3.33,5.59,10.33,0.54,48.87,0.00%
30,310339,申万菱信收益宝货币B,2026-05-22,0.4464,1.327,1.2917,1.3078,0.11,0.38,0.71,1.46,3.31,5.59,9.85,0.55,43.0,0.00%
31,519507,万家货币B,2026-05-22,0.3482,1.344,1.3343,1.3246,0.11,0.37,0.7,1.46,3.3,5.6,10.33,0.54,42.6,0.00%
32,000605,银华多利宝货币B,2026-05-22,0.3857,1.326,1.3398,1.3436,0.11,0.37,0.7,1.45,3.21,5.5,10.04,0.54,39.03,0.00%
33,000662,银华活钱宝货币F,2026-05-22,0.4134,1.317,1.3349,1.3375,0.11,0.37,0.7,1.45,3.26,5.56,10.28,0.54,36.38,0.00%
34,000830,易方达天天发货币B,2026-05-23,0.3474,1.273,1.2839,1.3014,0.11,0.33,0.7,1.45,3.31,5.65,10.39,0.54,26.39,0.00%
35,000860,银华惠增利货币A,2026-05-22,0.4269,1.315,1.335,1.3414,0.11,0.37,0.7,1.45,3.26,5.59,10.26,0.54,34.51,0.00%
36,003185,建信货币B,2026-05-24,0.3533,1.304,1.3173,1.3292,0.11,0.33,0.69,1.45,3.29,5.59,10.5,0.54,27.55,0.00%
37,003281,广发活期宝货币B,2026-05-23,0.3607,1.329,1.3358,1.3472,0.11,0.34,0.7,1.45,3.28,5.58,10.47,0.55,28.98,0.00%
38,003389,招商招益宝货币B,2026-05-22,0.3807,1.44,1.3764,1.3596,0.11,0.34,0.69,1.45,3.28,5.61,10.43,0.54,22.42,0.00%
39,003474,南方天天利货币B,2026-05-23,0.3566,1.31,1.3154,1.3274,0.11,0.34,0.7,1.45,3.29,5.62,10.56,0.55,28.89,0.00%
40,003969,交银天益宝货币E,2026-05-22,0.3462,1.31,1.3061,1.2991,0.11,0.34,0.71,1.45,3.22,5.52,10.43,0.55,26.98,0.00%
41,004170,万家现金增利货币B,2026-05-22,0.347,1.322,1.3233,1.3224,0.11,0.37,0.7,1.45,3.29,5.58,10.4,0.54,25.25,0.00%
42,003875,浙商日添金货币B,2026-05-22,0.3452,1.27,1.2924,1.2934,0.11,0.33,0.7,1.45,3.28,5.58,10.36,0.54,26.38,0.00%
43,004217,兴业安润货币B,2026-05-22,0.3965,1.319,1.3231,1.3233,0.11,0.37,0.71,1.45,3.27,5.45,10.19,0.54,26.99,0.00%
44,004262,招商招禧宝货币B,2026-05-22,0.3495,1.289,1.3111,1.3309,0.11,0.34,0.7,1.45,3.28,5.63,10.31,0.55,25.11,0.00%
45,004369,前海开源聚财宝B,2026-05-22,0.4772,1.335,1.2972,1.3757,0.11,0.38,0.7,1.45,3.3,5.62,10.32,0.55,26.34,0.00%
46,004545,永赢天天利货币A,2026-05-22,0.3367,1.305,1.3109,1.3113,0.11,0.37,0.7,1.45,3.28,5.54,10.32,0.54,26.37,0.00%
47,004863,泰康现金管家货币C,2026-05-23,0.3251,1.523,1.4252,1.3193,0.11,0.34,0.7,1.45,3.33,5.64,10.41,0.54,23.03,0.00%
48,004862,泰康现金管家货币B,2026-05-23,0.3251,1.523,1.4252,1.3193,0.11,0.34,0.7,1.45,3.33,5.64,10.41,0.54,23.03,0.00%
49,009824,鹏华添利宝货币B,2026-05-22,0.3495,1.321,1.3179,1.314,0.11,0.37,0.7,1.45,3.26,5.59,10.44,0.54,12.62,0.00%
50,270014,广发货币B,2026-05-23,0.3407,1.323,1.3308,1.3365,0.11,0.34,0.7,1.45,3.28,5.57,10.43,0.54,66.8,0.00%
51,202308,南方收益宝货币B,2026-05-23,0.3514,1.319,1.315,1.3292,0.11,0.34,0.7,1.45,3.29,5.63,10.48,0.55,43.93,0.00%
52,018955,易方达天天发货币D,2026-05-23,0.3474,1.273,1.284,1.3014,0.11,0.33,0.7,1.45,3.31,,,0.54,5.19,0.00%
53,000797,方正富邦金小宝货币A,2026-05-22,0.3517,1.309,1.3011,1.3516,0.11,0.38,0.71,1.44,3.23,5.52,10.35,0.55,36.67,0.00%
54,000874,华安现金宝货币B,2026-05-22,0.3472,1.323,1.3258,1.3395,0.11,0.37,0.7,1.44,3.29,5.56,10.17,0.55,25.74,0.00%
55,002680,工银安盈货币B,2026-05-23,0.333,1.211,1.3047,1.3127,0.11,0.33,0.69,1.44,3.25,5.6,10.49,0.54,29.75,0.00%
56,003391,建信天添益货币A,2026-05-24,0.3581,1.317,1.3274,1.3375,0.11,0.33,0.69,1.44,3.28,5.57,10.39,0.54,27.36,0.00%
57,003393,建信天添益货币C,2026-05-24,0.3581,1.317,1.3275,1.3376,0.11,0.33,0.69,1.44,3.28,5.57,10.39,0.54,27.37,0.00%
58,004198,华富天益货币A,2026-05-22,0.3792,1.337,1.3221,1.3184,0.11,0.37,0.7,1.44,3.21,5.35,9.43,0.54,23.22,0.00%
59,004199,华富天益货币B,2026-05-22,0.3792,1.337,1.3221,1.3184,0.11,0.37,0.7,1.44,3.21,5.38,10.01,0.54,25.17,0.00%
60,004251,华夏惠利货币B,2026-05-23,0.3408,1.323,1.3615,1.4031,0.12,0.35,0.71,1.44,3.23,5.5,10.31,0.56,26.13,0.00%
61,015420,工银安盈货币D,2026-05-23,0.333,1.211,1.3048,1.3127,0.11,0.33,0.69,1.44,3.25,5.6,,0.54,7.92,0.00%
62,583101,东吴货币B,2026-05-22,0.4169,1.448,1.3751,1.3622,0.11,0.37,0.7,1.44,3.29,5.43,9.65,0.54,54.25,0.00%
63,675062,西部利得天添富货币B,2026-05-23,0.3434,1.314,1.3088,1.3311,0.11,0.34,0.7,1.44,3.22,5.39,10.08,0.54,28.22,0.00%
64,630112,华商现金增利货币B,2026-05-24,0.3367,1.27,1.281,1.2805,0.11,0.33,0.69,1.44,3.25,5.55,9.53,0.54,39.67,0.00%
65,018659,德邦如意货币E,2026-05-22,0.6073,1.826,1.6576,1.5009,0.12,0.36,0.71,1.44,3.2,,,0.56,5.38,0.00%
66,021998,信澳慧管家货币F,2026-05-23,0.3397,1.301,1.285,1.2958,0.11,0.34,0.69,1.44,,,,0.54,2.76,0.00%
67,000846,国联货币C,2026-05-22,0.7067,1.349,1.348,1.341,0.11,0.36,0.69,1.43,3.19,5.47,9.89,0.53,36.31,0.00%
68,000790,易方达龙宝货币B,2026-05-23,0.3608,1.355,1.3633,1.3692,0.11,0.34,0.71,1.43,3.19,5.53,10.27,0.56,37.64,0.00%
69,001026,诺安理财宝货币C,2026-05-22,0.3171,1.244,1.2245,1.3597,0.11,0.37,0.69,1.43,3.2,5.56,9.83,0.54,32.64,0.00%
70,000912,英大现金宝A,2026-05-23,0.3472,1.264,1.2695,1.2943,0.11,0.33,0.69,1.43,3.1,5.38,9.95,0.54,33.56,0.00%
71,001930,华夏收益宝货币B,2026-05-23,0.3407,1.319,1.3109,1.2952,0.11,0.33,0.7,1.43,3.26,5.57,10.41,0.54,30.97,0.00%
72,001909,创金合信货币A,2026-05-24,0.6283,1.277,1.2919,1.2658,0.1,0.36,0.69,1.43,3.25,5.55,10.35,0.53,30.51,0.00%
73,002469,华泰柏瑞交易货币B,2026-05-22,0.3578,1.326,1.3297,1.3396,0.11,0.37,0.7,1.43,3.22,5.49,10.29,0.54,25.56,0.00%
74,002299,招商招福宝货币B,2026-05-22,0.3488,1.285,1.29,1.3132,0.11,0.33,0.69,1.43,3.22,5.51,10.33,0.54,22.47,0.00%
75,002748,中欧货币D,2026-05-23,0.3301,1.292,1.3026,1.3174,0.11,0.33,0.69,1.43,3.2,5.39,9.92,0.53,26.94,0.00%
76,003399,太平日日金货币B,2026-05-22,0.3342,1.227,1.2427,1.2442,0.1,0.35,0.69,1.43,3.17,5.28,9.63,0.53,25.07,0.00%
77,003679,国联现金增利货币C,2026-05-22,0.3329,1.301,1.2761,1.26,0.1,0.36,0.69,1.43,3.22,5.46,10.3,0.53,28.38,0.00%
78,003871,华泰柏瑞天添宝货币B,2026-05-22,0.3522,1.297,1.3014,1.3044,0.11,0.37,0.7,1.43,3.23,5.49,10.26,0.54,27.81,0.00%
79,004216,兴业安润货币A,2026-05-22,0.391,1.299,1.3029,1.3031,0.11,0.37,0.7,1.43,3.25,5.43,9.65,0.54,25.05,0.00%
80,014610,鹏华兴鑫宝货币C,2026-05-22,0.3736,1.34,1.3158,1.3169,0.11,0.37,0.69,1.43,3.2,5.51,,0.54,8.54,0.00%
81,166015,中欧货币B,2026-05-23,0.3301,1.291,1.2942,1.3088,0.11,0.33,0.69,1.43,3.2,5.39,9.92,0.53,45.97,0.00%
82,017930,华泰柏瑞交易货币D,2026-05-22,0.3578,1.325,1.3293,1.3394,0.11,0.37,0.7,1.43,3.22,5.49,,0.54,6.06,0.00%
83,000917,嘉实快线货币A,2026-05-24,0.3348,1.299,1.2971,1.3127,0.11,0.33,0.69,1.42,3.21,5.37,10.11,0.54,31.59,0.00%
84,001926,兴业鑫天盈货币B,2026-05-22,0.3499,1.3,1.2999,1.3067,0.11,0.37,0.69,1.42,3.21,5.42,10.25,0.53,29.45,0.00%
85,001937,兴银现金增利货币,2026-05-22,0.4053,1.325,1.3237,1.3284,0.11,0.37,0.7,1.42,3.12,5.37,10.14,0.54,28.99,0.00%
86,003468,富荣货币B,2026-05-22,0.3376,1.224,1.2373,1.2541,0.1,0.37,0.7,1.42,3.06,5.06,9.54,0.54,25.34,0.00%
87,003317,中银证券现金管家货币B,2026-05-22,0.3481,1.411,1.4454,1.3941,0.12,0.33,0.7,1.42,3.14,5.26,9.57,0.54,25.43,0.00%
88,004120,国富安享货币B,2026-05-22,0.3384,1.293,1.2842,1.3152,0.11,0.33,0.69,1.42,3.19,5.38,9.92,0.53,24.05,0.00%
89,004167,安信活期宝货币B,2026-05-22,0.3396,1.326,1.3149,1.3026,0.11,0.37,0.69,1.42,3.21,5.43,10.25,0.54,27.34,0.00%
90,003753,工银如意货币B,2026-05-23,0.3082,1.265,1.266,1.2544,0.1,0.33,0.68,1.42,3.2,5.45,10.2,0.53,27.42,0.00%
91,004286,华富天盈货币B,2026-05-22,0.3269,1.238,1.4228,1.3255,0.11,0.38,0.7,1.42,3.13,5.15,8.86,0.54,22.93,0.00%
92,004282,博时兴荣货币B,2026-05-23,0.3448,1.374,1.3651,1.3301,0.11,0.34,0.7,1.42,3.09,5.18,9.08,0.54,24.25,0.00%
93,004589,民生加银腾元宝货币B,2026-05-22,0.3935,1.301,1.284,1.2916,0.11,0.36,0.69,1.42,3.17,5.35,10.11,0.53,21.1,0.00%
94,004985,博时合晶货币B,2026-05-23,0.3523,1.414,1.3648,1.3437,0.11,0.33,0.69,1.42,3.17,5.47,9.34,0.54,19.93,0.00%
95,004984,鹏扬现金通利货币B,2026-05-22,0.3419,1.271,1.2661,1.2656,0.1,0.36,0.69,1.42,3.18,5.34,9.66,0.52,21.65,0.00%
96,009485,国寿安保聚宝盆货币B,2026-05-22,0.3519,1.305,1.3192,1.3362,0.11,0.37,0.7,1.42,3.18,5.43,10.03,0.54,12.68,0.00%
97,630012,华商现金增利货币A,2026-05-24,0.3312,1.25,1.2609,1.2602,0.1,0.32,0.68,1.42,3.21,5.48,9.22,0.53,36.49,0.00%
98,660107,农银货币B,2026-05-22,0.3264,1.247,1.3163,1.3233,0.11,0.36,0.69,1.42,3.19,5.37,9.89,0.53,60.48,0.00%
99,019967,工银如意货币C,2026-05-23,0.3082,1.265,1.266,1.2545,0.1,0.33,0.68,1.42,3.2,,,0.53,4.43,0.00%
100,001992,农银天天利货币B,2026-05-22,0.3455,1.295,1.3069,1.305,0.11,0.37,0.7,1.41,3.04,5.06,9.21,0.54,27.99,0.00%
101,420106,天弘现金管家货币B,2026-05-22,0.2862,1.282,1.2869,1.3211,0.11,0.37,0.7,1.41,3.06,4.88,,0.54,44.1,0.00%
102,000540,国金金腾通货币A,2026-05-22,0.3364,1.35,1.3143,1.3204,0.11,0.33,0.67,1.4,3.15,5.3,9.99,0.52,42.31,0.00%
103,000836,国投瑞银钱多宝货币A,2026-05-23,0.337,1.244,1.2853,1.2731,0.1,0.32,0.67,1.4,3.2,5.48,10.39,0.52,37.18,0.00%
104,001669,诺安聚鑫宝货币C,2026-05-22,0.3474,1.341,1.3358,1.3362,0.11,0.37,0.7,1.4,3.2,5.5,10.08,0.54,30.12,0.00%
105,002679,工银安盈货币A,2026-05-23,0.322,1.171,1.2647,1.2726,0.1,0.32,0.67,1.4,3.16,5.47,9.91,0.52,27.51,0.00%
106,002760,东兴安盈宝B,2026-05-22,0.3399,1.248,1.25,1.3017,0.11,0.36,0.7,1.4,3.11,5.33,10.19,0.54,27.85,0.00%
107,003206,博时合鑫货币B,2026-05-23,0.3346,1.349,1.2952,1.271,0.1,0.33,0.69,1.4,3.08,5.34,9.6,0.53,26.16,0.00%
108,003589,东吴增鑫宝货币B,2026-05-22,0.5318,1.202,1.1879,1.1624,0.1,0.35,0.68,1.4,2.98,5.13,9.52,0.51,25.23,0.00%
109,004039,中欧骏泰货币B,2026-05-23,0.3023,1.29,1.3089,1.3421,0.11,0.33,0.67,1.4,3.15,5.34,9.91,0.53,26.42,0.00%
110,004078,金信民发货币B,2026-05-23,0.3138,1.168,1.1543,1.2685,0.1,0.32,0.68,1.4,3.03,5.02,9.08,0.51,24.34,0.00%
111,004373,金鹰增益货币B,2026-05-24,0.2473,1.734,1.5386,1.394,0.12,0.34,0.67,1.4,3.17,5.43,10.15,0.52,26.13,0.00%
112,013003,汇添富收益快钱货币D,2026-05-23,0.3614,1.326,1.3251,1.3312,0.11,0.33,0.67,1.4,3.22,5.53,,0.53,9.87,0.00%
113,015419,工银安盈货币C,2026-05-23,0.322,1.174,1.266,1.2731,0.1,0.32,0.67,1.4,3.16,5.47,,0.52,7.62,0.00%
114,260202,景顺货币B,2026-05-22,0.3618,1.292,1.2747,1.2848,0.1,0.32,0.66,1.4,3.1,5.3,9.9,0.52,54.26,0.00%
115,400005,东方金账簿货币A,2026-05-23,0.335,1.286,1.2685,1.2766,0.1,0.32,0.67,1.4,3.17,5.42,9.54,0.52,73.64,0.00%
116,400006,东方金账簿货币B,2026-05-23,0.335,1.286,1.2686,1.2766,0.1,0.32,0.67,1.4,3.17,5.42,10.03,0.52,35.86,0.00%
117,003538,招商招利宝货币B,2026-05-22,0.332,1.294,1.2631,1.2524,0.1,0.33,0.67,1.39,3.17,5.45,10.08,0.52,25.75,0.00%
118,004173,嘉实增益宝货币A,2026-05-24,0.3352,1.23,1.2285,1.2494,0.1,0.32,0.68,1.39,3.16,5.34,9.38,0.53,24.7,0.00%
119,004060,博时兴盛货币B,2026-05-23,0.3475,1.415,1.349,1.3199,0.11,0.33,0.68,1.39,3.08,5.36,9.17,0.53,23.56,0.00%
120,004749,华泰紫金天天金交易型货币B,2026-05-22,0.4113,1.259,1.2378,1.2361,0.1,0.32,0.66,1.39,3.11,5.35,9.44,0.51,21.86,0.00%
121,091005,大成货币B,2026-05-24,0.3354,1.236,1.2633,1.3192,0.11,0.33,0.67,1.39,3.22,5.4,10.01,0.52,80.82,0.00%
122,161623,融通汇财宝货币B,2026-05-23,0.3247,1.996,1.5605,1.3806,0.11,0.32,0.66,1.39,3.12,5.29,9.77,0.52,39.84,0.00%
123,290001,泰信天天收益货币A,2026-05-22,0.3446,1.242,1.2182,1.283,0.1,0.37,0.71,1.39,2.92,5.07,9.5,0.55,77.57,0.00%
124,519517,汇添富货币B,2026-05-22,0.4315,1.361,1.3582,1.3465,0.11,0.36,0.67,1.39,3.18,5.41,10.12,0.52,75.27,0.00%
125,519512,万家日日薪B,2026-05-23,0.337,1.273,1.2647,1.3118,0.11,0.32,0.66,1.39,3.17,5.49,10.31,0.52,41.96,0.00%
126,022249,平安金管家货币D,2026-05-23,0.3398,1.289,1.2715,1.2909,0.11,0.33,0.67,1.39,,,,0.52,2.46,0.00%
127,001234,国金众赢货币,2026-05-22,0.2797,1.24,1.2803,1.291,0.1,0.35,0.68,1.38,3.1,5.21,9.94,0.54,33.55,0.00%
128,002201,大成慧成货币B,2026-05-24,0.3315,1.216,1.2177,1.2145,0.1,0.32,0.66,1.38,3.28,5.57,9.78,0.51,27.0,0.00%
129,002960,博时合利货币B,2026-05-23,0.3193,1.185,1.2019,1.2958,0.11,0.32,0.66,1.38,3.03,5.15,9.6,0.52,25.84,0.00%
130,002912,兴业稳天盈货币A,2026-05-22,0.3154,1.203,1.2213,1.2442,0.1,0.35,0.67,1.38,3.14,5.33,9.59,0.51,26.74,0.00%
131,005058,东方红货币E,2026-05-23,0.3329,1.245,1.2452,1.2602,0.1,0.32,0.66,1.38,3.13,5.28,9.64,0.52,21.12,0.00%
132,005057,东方红货币B,2026-05-23,0.3329,1.245,1.2453,1.2602,0.1,0.32,0.66,1.38,3.13,5.31,9.86,0.52,21.75,0.00%
133,005202,兴业稳天盈货币B,2026-05-22,0.3154,1.203,1.2213,1.2443,0.1,0.35,0.67,1.38,3.14,5.33,9.98,0.51,23.16,0.00%
134,009790,国寿安保增金宝货币B,2026-05-22,0.32,1.175,1.2363,1.2663,0.1,0.36,0.67,1.38,3.14,5.44,10.32,0.52,12.68,0.00%
135,015649,华泰紫金货币增利A,2026-05-22,0.3622,1.252,1.2531,1.2541,0.1,0.32,0.65,1.38,3.1,5.33,,0.51,7.45,0.00%
136,016565,中银活期宝货币B,2026-05-22,0.3249,1.257,1.2596,1.2718,0.1,0.32,0.65,1.38,3.11,5.28,,0.51,6.75,0.00%
137,940037,华泰紫金货币增利C,2026-05-22,0.3622,1.252,1.2531,1.2541,0.1,0.32,0.65,1.38,3.1,5.33,,0.51,7.46,0.00%
138,019145,长盛货币E,2026-05-23,0.3274,1.254,1.2505,1.2579,0.1,0.32,0.65,1.38,3.06,,,0.51,4.71,0.00%
139,000332,中加货币C,2026-05-22,0.4298,1.295,1.2856,1.2735,0.1,0.36,0.68,1.37,3.07,5.32,9.63,0.53,43.53,0.00%
140,000580,中邮货币B,2026-05-22,0.3414,1.247,1.2468,1.2457,0.1,0.35,0.66,1.37,3.04,5.11,9.29,0.52,34.32,0.00%
141,004179,圆信永丰丰润货币B,2026-05-22,0.5885,1.171,1.1745,1.1906,0.1,0.34,0.66,1.37,3.04,5.24,9.87,0.5,25.25,0.00%
142,004502,中银如意宝货币A,2026-05-22,0.3244,1.206,1.1896,1.1708,0.1,0.32,0.66,1.37,3.08,5.27,9.92,0.51,23.69,0.00%
143,004568,长城工资宝货币B,2026-05-23,0.2911,1.751,1.4168,1.265,0.1,0.32,0.66,1.37,3.03,5.13,9.56,0.51,24.09,0.00%
144,004718,万家天添宝货币B,2026-05-22,0.3536,1.246,1.2645,1.2498,0.1,0.34,0.65,1.37,3.12,5.3,9.86,0.5,23.42,0.00%
145,004771,海富通添益货币B,2026-05-22,0.33,1.251,1.231,1.2626,0.1,0.35,0.67,1.37,3.15,5.32,9.91,0.52,21.88,0.00%
146,004787,渤海汇金汇添金货币B,2026-05-22,0.5745,1.256,1.4179,1.3893,0.12,0.36,0.67,1.37,3.05,5.33,9.76,0.52,21.1,0.00%
147,005162,中银如意宝货币B,2026-05-22,0.3244,1.206,1.1895,1.1708,0.1,0.32,0.66,1.37,3.08,5.27,9.92,0.51,22.34,0.00%
148,010051,长城工资宝货币C,2026-05-23,0.2911,1.751,1.4172,1.2652,0.1,0.32,0.66,1.37,3.03,5.13,9.56,0.51,11.28,0.00%
149,150998,银河钱包货币B,2026-05-22,0.2271,1.138,1.1287,1.2149,0.1,0.36,0.67,1.37,3.01,5.11,9.73,0.51,23.26,0.00%
150,519510,浦银安盛货币B,2026-05-23,0.3337,1.286,1.2972,1.3142,0.11,0.33,0.67,1.37,3.1,5.27,9.93,0.52,58.37,0.00%
151,020097,中加货币E,2026-05-22,0.4296,1.295,1.2854,1.2734,0.1,0.36,0.68,1.37,3.07,,,0.53,4.12,0.00%
152,000648,易方达财富快线货币B,2026-05-22,0.299,1.176,1.1952,1.2003,0.1,0.34,0.64,1.36,3.13,5.42,10.12,0.49,39.85,0.00%
153,001982,富国收益宝交易型货币B,2026-05-23,0.3241,1.251,1.25,1.253,0.1,0.31,0.65,1.36,3.07,5.25,9.7,0.5,28.21,0.00%
154,002183,广发天天红货币B,2026-05-23,0.3314,1.25,1.2497,1.2546,0.1,0.31,0.65,1.36,3.09,5.28,10.06,0.51,30.16,0.00%
155,003539,安信现金增利货币B,2026-05-22,0.3426,1.258,1.2595,1.2628,0.1,0.36,0.68,1.36,3.03,5.11,9.17,0.53,22.87,0.00%
156,011063,国寿安保鑫钱包货币B,2026-05-22,0.3365,1.241,1.2741,1.2642,0.1,0.35,0.66,1.36,3.14,5.42,10.34,0.51,11.39,0.00%
157,100028,富国天时货币B,2026-05-23,0.324,1.26,1.2598,1.2583,0.1,0.31,0.64,1.36,3.1,5.4,9.79,0.5,73.96,0.00%
158,001078,华夏现金宝货币B,2026-05-23,0.3028,1.15,1.177,1.1826,0.1,0.32,0.65,1.35,3.15,5.36,9.97,0.51,39.37,0.00%
159,001625,兴业添天盈货币B,2026-05-22,0.3193,1.251,1.2524,1.2614,0.1,0.35,0.65,1.35,3.06,5.29,10.18,0.51,30.97,0.00%
160,003022,建信现金添益货币A,2026-05-24,0.3317,1.223,1.2394,1.2369,0.1,0.31,0.64,1.35,3.1,5.3,10.04,0.5,27.66,0.00%
161,003423,国寿安保添利货币B,2026-05-22,0.3194,1.174,1.182,1.2017,0.1,0.35,0.66,1.35,3.08,5.14,9.25,0.51,25.46,0.00%
162,003465,平安金管家货币A,2026-05-23,0.3288,1.249,1.2311,1.2504,0.1,0.32,0.65,1.35,3.02,5.18,9.83,0.51,26.9,0.00%
163,004553,中信建投凤凰货币B,2026-05-22,0.3368,1.246,1.2286,1.2382,0.1,0.31,0.65,1.35,3.08,5.27,9.68,0.51,20.39,0.00%
164,004811,万家现金宝货币B,2026-05-22,0.3147,1.353,1.2718,1.2426,0.1,0.35,0.65,1.35,3.09,5.29,9.77,0.51,22.89,0.00%
165,004903,人保货币A,2026-05-22,0.3417,1.347,1.3124,1.3204,0.11,0.32,0.65,1.35,3.02,4.79,8.6,0.51,19.84,0.00%
166,004904,人保货币B,2026-05-22,0.3417,1.347,1.3123,1.3205,0.11,0.32,0.65,1.35,3.03,5.05,9.4,0.51,21.81,0.00%
167,005148,新华活期添利货币E,2026-05-22,0.318,1.195,1.1946,1.2188,0.1,0.34,0.65,1.35,3.07,5.32,10.01,0.5,23.15,0.00%
168,620011,金元顺安金元宝货币B,2026-05-23,0.2659,1.265,1.2578,1.2965,0.11,0.33,0.66,1.35,2.98,5.07,9.47,0.52,37.93,0.00%
169,002918,交银现金宝货币E,2026-05-22,0.3735,1.266,1.2607,1.2558,0.1,0.31,0.63,1.34,3.01,5.16,9.82,0.49,25.81,0.00%
170,003253,大成添益交易型货币B,2026-05-24,0.3343,1.226,1.2318,1.2294,0.1,0.31,0.64,1.34,2.98,5.11,9.82,0.5,26.97,0.00%
171,004399,融通汇财宝货币E,2026-05-23,0.311,1.945,1.5095,1.3296,0.11,0.31,0.63,1.34,3.01,5.13,9.49,0.5,24.78,0.00%
172,004331,太平日日鑫B,2026-05-22,0.3143,1.181,1.1765,1.1869,0.1,0.34,0.64,1.34,3.02,5.19,9.57,0.5,24.52,0.00%
173,004849,中信保诚货币E,2026-05-22,0.2929,1.239,1.2198,1.2288,0.1,0.32,0.67,1.34,2.91,4.82,8.68,0.52,19.65,0.00%
174,009712,信澳慧管家货币B,2026-05-23,0.3123,1.196,1.1805,1.1925,0.1,0.31,0.64,1.34,3.01,5.09,9.32,0.5,11.64,0.00%
175,011258,招商保证金快线D,2026-05-22,0.3224,1.064,1.1732,1.2169,0.1,0.31,0.65,1.34,3.07,5.23,9.81,0.51,10.29,0.00%
176,041003,华安现金富利货币B,2026-05-22,0.301,1.117,1.3175,1.217,0.1,0.35,0.66,1.34,3.04,5.28,9.84,0.51,59.7,0.00%
177,020032,国泰现金管理货币B,2026-05-23,0.3121,1.246,1.2472,1.258,0.1,0.31,0.64,1.34,3.04,4.33,6.29,0.49,36.16,0.00%
178,070088,嘉实货币B,2026-05-24,0.3191,1.249,1.2487,1.3279,0.11,0.31,0.65,1.34,3.06,5.3,9.94,0.5,48.49,0.00%
179,000533,永赢货币A,2026-05-22,0.324,1.254,1.251,1.2576,0.1,0.34,0.64,1.33,2.93,5.02,9.68,0.5,38.74,0.00%
180,000726,大成添利宝货币E,2026-05-24,0.3173,1.208,1.1986,1.1914,0.1,0.3,0.63,1.33,3.04,5.15,8.93,0.49,34.23,0.00%
181,000883,中金现金管家货币B,2026-05-22,0.3361,1.237,1.2379,1.248,0.1,0.34,0.64,1.33,3.02,5.16,9.47,0.5,33.23,0.00%
182,003043,交银活期通货币E,2026-05-22,0.3403,1.25,1.2473,1.2547,0.1,0.31,0.64,1.33,2.96,5.09,9.63,0.49,27.11,0.00%
183,003535,浦银安盛日日丰货币B,2026-05-23,0.3329,1.262,1.2576,1.2542,0.1,0.31,0.64,1.33,3.05,5.26,9.91,0.5,26.55,0.00%
184,003480,财通资管鑫管家货币B,2026-05-22,0.3334,1.203,1.1994,1.2292,0.1,0.31,0.65,1.33,3.01,5.21,9.79,0.5,27.07,0.00%
185,003712,宏利京元宝货币B,2026-05-22,0.3217,1.207,1.2081,1.208,0.1,0.34,0.65,1.33,3.05,5.25,9.99,0.5,27.21,0.00%
186,005134,长信长金通货币A,2026-05-22,0.3157,1.235,1.226,1.2289,0.1,0.34,0.65,1.33,3.0,5.12,9.51,0.5,21.9,0.00%
187,040039,华安日日鑫货币B,2026-05-22,0.3482,1.249,1.2467,1.2588,0.1,0.34,0.65,1.33,2.97,5.09,9.47,0.5,47.31,0.00%
188,740602,长安货币B,2026-05-23,0.2983,1.114,1.1232,1.2855,0.1,0.32,0.66,1.33,3.03,5.42,9.87,0.52,45.81,0.00%
189,675072,西部利得天添金货币B,2026-05-23,0.2903,1.379,1.2677,1.1826,0.1,0.32,0.65,1.33,3.05,5.24,9.37,0.5,24.77,0.00%
190,018092,兴银现金添利C,2026-05-22,0.2942,1.211,1.2447,1.2537,0.1,0.34,0.63,1.33,2.99,5.45,,0.49,5.93,0.00%
191,018331,民生加银腾元宝货币D,2026-05-22,0.3689,1.21,1.1928,1.2005,0.1,0.34,0.64,1.33,2.98,5.07,,0.5,5.29,0.00%
192,018655,光大保德信耀钱包货币C,2026-05-22,0.2855,1.62,1.3313,1.1894,0.1,0.34,0.64,1.33,3.01,,,0.49,4.93,0.00%
193,000484,鑫元货币B,2026-05-23,0.3131,1.247,1.2477,1.2556,0.1,0.31,0.64,1.32,3.03,5.26,9.71,0.49,39.87,0.00%
194,000722,兴业货币B,2026-05-22,0.3356,1.249,1.2512,1.2523,0.1,0.34,0.64,1.32,3.01,5.22,9.13,0.49,33.43,0.00%
195,000705,易方达天天增利货币B,2026-05-23,0.3396,1.246,1.2479,1.2482,0.1,0.31,0.64,1.32,2.98,5.15,9.67,0.5,38.17,0.00%
196,001386,天弘弘运宝货币A,2026-05-23,0.2526,1.151,1.1437,1.1815,0.1,0.31,0.64,1.32,2.97,5.06,9.75,0.49,29.11,0.00%
197,001843,九泰日添金货币B,2026-05-22,0.2641,1.14,1.1515,1.247,0.1,0.34,0.65,1.32,2.84,4.53,7.85,0.5,26.7,0.00%
198,002733,上银慧盈利货币B,2026-05-23,0.288,1.171,1.1642,1.1749,0.1,0.31,0.64,1.32,3.02,5.17,8.81,0.49,27.17,0.00%
199,002958,财通财通宝货币B,2026-05-22,0.3268,1.2,1.2018,1.205,0.1,0.34,0.64,1.32,2.99,5.3,10.02,0.5,26.23,0.00%
200,003229,浦银安盛日日鑫货币B,2026-05-23,0.3107,1.25,1.2549,1.2665,0.1,0.31,0.64,1.32,2.96,5.19,9.51,0.5,25.66,0.00%
201,004152,先锋日添利B,2026-05-23,0.3036,1.32,1.2716,1.2341,0.1,0.33,0.68,1.32,1.94,2.58,6.67,0.54,19.17,0.00%
202,004701,鹏华盈余宝货币B,2026-05-22,0.3359,1.248,1.2491,1.2567,0.1,0.34,0.65,1.32,3.07,5.09,8.44,0.5,19.83,0.00%
203,010288,民生加银现金宝货币B,2026-05-22,0.2885,1.265,1.2627,1.3117,0.11,0.35,0.65,1.32,3.03,5.2,9.86,0.5,11.81,0.00%
204,253051,国联安货币B,2026-05-22,0.3521,1.25,1.2518,1.257,0.1,0.34,0.64,1.32,3.0,5.21,9.58,0.49,53.27,0.00%
205,000010,易方达天天理财货币B,2026-05-22,0.3055,1.149,1.16,1.1678,0.1,0.32,0.62,1.31,2.99,5.18,9.76,0.48,47.7,0.00%
206,000982,华银现金添利B,2026-05-23,0.3163,1.185,1.191,1.2148,0.1,0.32,0.65,1.31,2.54,4.07,7.14,0.5,28.33,0.00%
207,001308,博时外服货币B,2026-05-23,0.3266,1.193,1.1948,1.2082,0.1,0.31,0.65,1.31,2.91,4.92,8.96,0.51,30.44,0.00%
208,001374,华夏现金增利货币B,2026-05-23,0.3054,1.274,1.2699,1.2766,0.11,0.31,0.63,1.31,2.99,5.16,9.52,0.5,31.76,0.00%
209,004494,华泰保兴货币B,2026-05-22,0.3138,1.159,1.2134,1.2128,0.1,0.31,0.64,1.31,3.01,5.16,9.51,0.5,23.18,0.00%
210,005149,华泰保兴货币C,2026-05-22,0.3138,1.159,1.2135,1.2128,0.1,0.31,0.64,1.31,3.01,,,0.5,3.13,0.00%
211,000683,信澳慧管家货币E,2026-05-23,0.3014,1.157,1.1428,1.1537,0.1,0.3,0.63,1.3,2.92,4.88,8.88,0.48,31.3,0.00%
212,000681,信澳慧管家货币A,2026-05-23,0.3014,1.157,1.1423,1.1529,0.1,0.3,0.62,1.3,2.92,4.85,8.86,0.48,33.5,0.00%
213,001820,兴全天添益货币A,2026-05-23,0.3158,1.194,1.1681,1.1683,0.1,0.3,0.62,1.3,2.99,5.25,9.89,0.48,29.72,0.00%
214,004133,中航航行宝货币A,2026-05-22,0.2992,1.107,1.1138,1.1169,0.09,0.32,0.62,1.3,2.98,5.2,9.2,0.48,22.28,0.00%
215,010208,平安日增利货币B,2026-05-23,0.3172,1.182,1.1892,1.2276,0.1,0.3,0.62,1.3,2.94,5.07,9.52,0.49,11.34,0.00%
216,016096,汇添富和聚宝货币C,2026-05-23,0.333,1.273,1.2198,1.2101,0.1,0.3,0.62,1.3,3.01,5.25,,0.48,7.19,0.00%
217,180009,银华货币B,2026-05-22,0.3207,1.257,1.2552,1.2645,0.1,0.34,0.64,1.3,2.88,4.97,9.41,0.49,79.41,0.00%
218,519567,浦银安盛日日盈货币B,2026-05-23,0.3224,1.253,1.252,1.2531,0.1,0.3,0.63,1.3,2.98,5.18,9.7,0.49,37.13,0.00%
219,017880,国寿安保薪金宝货币B,2026-05-22,0.3153,1.164,1.1651,1.1718,0.1,0.33,0.63,1.3,2.96,5.08,,0.49,5.71,0.00%
220,019040,国联日盈C,2026-05-22,0.297,1.498,1.3083,1.2155,0.1,0.33,0.62,1.3,2.91,,,0.49,4.71,0.00%
221,000381,景顺长城景益货币B,2026-05-22,0.2976,1.138,1.135,1.1535,0.1,0.3,0.61,1.29,2.92,5.02,9.46,0.48,38.54,0.00%
222,000506,国寿安保货币B,2026-05-22,0.3404,1.263,1.2574,1.2563,0.1,0.34,0.63,1.29,2.96,5.12,9.75,0.49,39.86,0.00%
223,002673,诺德货币B,2026-05-22,0.3094,1.148,1.232,1.2462,0.1,0.34,0.64,1.29,2.93,5.07,9.22,0.5,26.34,0.00%
224,004368,前海开源聚财宝A,2026-05-22,0.4317,1.167,1.1292,1.2082,0.1,0.33,0.62,1.29,2.99,5.23,9.72,0.48,25.02,0.00%
225,004971,南方天天宝货币B,2026-05-23,0.318,1.17,1.1756,1.185,0.1,0.3,0.62,1.29,2.98,5.17,9.77,0.49,22.75,0.00%
226,012841,华泰柏瑞交易货币C,2026-05-22,0.3194,1.183,1.1872,1.1974,0.1,0.33,0.63,1.29,2.93,5.05,,0.48,9.15,0.00%
227,091022,大成现金增利货币B,2026-05-24,0.3125,1.151,1.1542,1.1845,0.1,0.3,0.62,1.29,2.96,5.09,9.42,0.48,46.43,0.00%
228,018875,创金合信货币E,2026-05-24,0.557,1.145,1.16,1.134,0.09,0.32,0.63,1.29,3.0,,,0.47,4.9,0.00%
229,000300,德邦德利货币A,2026-05-22,0.6657,1.91,1.5988,1.3247,0.11,0.33,0.63,1.28,2.71,4.65,7.91,0.5,36.15,0.00%
230,000678,华宝现金宝货币E,2026-05-22,0.3655,1.116,1.1177,1.1377,0.09,0.32,0.62,1.28,2.88,4.97,9.31,0.48,36.11,0.00%
231,001096,国寿安保聚宝盆货币A,2026-05-22,0.3139,1.165,1.179,1.1959,0.1,0.33,0.63,1.28,2.9,5.0,9.28,0.49,32.95,0.00%
232,001176,山证资管日日添利货币B,2026-05-22,0.3234,1.187,1.1908,1.1983,0.1,0.33,0.62,1.28,2.92,5.06,9.75,0.48,31.07,0.00%
233,001925,兴业鑫天盈货币A,2026-05-22,0.3116,1.158,1.158,1.1648,0.1,0.33,0.62,1.28,2.92,5.01,9.42,0.48,26.7,0.00%
234,002195,中银机构现金管理货币A,2026-05-22,0.2784,1.112,1.1025,1.1044,0.09,0.3,0.61,1.28,2.91,5.02,8.92,0.47,28.28,0.00%
235,003460,嘉实现金宝货币A,2026-05-24,0.2958,1.084,1.0823,1.1565,0.1,0.29,0.62,1.28,2.93,5.02,9.35,0.48,22.94,0.00%
236,240007,华宝现金宝货币B,2026-05-22,0.3655,1.116,1.1175,1.1376,0.09,0.32,0.62,1.28,2.88,4.96,9.31,0.48,81.29,0.00%
237,460106,华泰柏瑞货币B,2026-05-22,0.3051,1.225,1.2419,1.2727,0.1,0.35,0.64,1.28,2.88,4.99,9.3,0.5,57.06,0.00%
238,519506,海富通货币B,2026-05-22,0.3009,1.076,1.08,1.1002,0.09,0.32,0.62,1.28,2.97,5.07,9.07,0.48,79.18,0.00%
239,710502,富安达现金通货币B,2026-05-22,0.2907,1.071,1.0753,1.1728,0.1,0.33,0.63,1.28,2.9,4.88,9.15,0.49,43.38,0.00%
240,000476,广发天天利货币B,2026-05-23,0.3054,1.246,1.2461,1.2522,0.1,0.3,0.62,1.27,2.88,4.95,9.35,0.49,39.12,0.00%
241,000665,博时现金收益货币B,2026-05-23,0.3123,1.163,1.1633,1.1879,0.1,0.3,0.61,1.27,2.91,4.99,9.27,0.48,36.25,0.00%
242,000837,国投瑞银钱多宝货币I,2026-05-23,0.304,1.122,1.163,1.1493,0.09,0.29,0.61,1.27,2.94,5.09,9.7,0.47,36.33,0.00%
243,000640,诺安理财宝货币A,2026-05-22,0.2729,1.08,1.0616,1.1983,0.1,0.33,0.61,1.27,2.87,4.99,9.1,0.48,36.27,0.00%
244,000786,国新国证现金增利货币B,2026-05-22,0.3306,1.172,1.1366,1.1831,0.1,0.3,0.63,1.27,2.79,4.79,8.99,0.49,32.97,0.00%
245,003994,华富货币B,2026-05-22,0.2899,1.112,1.112,1.1202,0.09,0.31,0.6,1.27,2.93,5.1,8.62,0.46,21.34,0.00%
246,003998,泓德添利货币B,2026-05-22,0.3067,1.111,1.12,1.1278,0.09,0.32,0.61,1.27,2.96,5.02,8.65,0.47,22.2,0.00%
247,018781,泓德添利货币E,2026-05-22,0.3067,1.111,1.12,1.1278,0.09,0.32,0.61,1.27,2.96,,,0.47,4.76,0.00%
248,022048,中银证券现金管家货币D,2026-05-22,0.3091,1.269,1.3032,1.2537,0.11,0.3,0.63,1.27,,,,0.48,2.35,0.00%
249,000204,国富日日收益货币B,2026-05-23,0.2714,1.72,,,0.1,0.29,0.59,1.26,2.91,5.05,9.46,0.45,41.94,0.00%
250,000789,易方达龙宝货币A,2026-05-23,0.3143,1.183,1.1911,1.1971,0.1,0.3,0.63,1.26,2.84,5.03,9.34,0.49,34.31,0.00%
251,000857,摩根天添盈货币E,2026-05-24,0.2939,1.086,1.0854,1.0929,0.09,0.29,0.6,1.26,2.89,4.96,9.3,0.46,30.4,0.00%
252,001232,嘉合货币A,2026-05-22,0.3705,1.213,1.1877,1.2255,0.1,0.33,0.6,1.26,2.78,4.73,8.57,0.46,30.41,0.00%
253,003171,信澳慧理财货币A,2026-05-23,0.2893,1.313,1.1882,1.1278,0.09,0.29,0.61,1.26,2.97,4.85,6.38,0.48,19.04,0.00%
254,004169,万家现金增利货币A,2026-05-22,0.2951,1.129,1.1313,1.13,0.09,0.32,0.61,1.26,2.9,4.98,9.35,0.47,23.05,0.00%
255,004151,先锋日添利A,2026-05-23,0.2653,1.178,1.1313,1.0931,0.09,0.3,0.61,1.26,2.76,4.38,8.25,0.48,20.7,0.00%
256,003816,银华日利B,2026-05-22,,,,,0.1,0.29,0.6,1.26,2.84,4.91,9.31,0.46,35.19,0.00%
257,004398,融通现金宝货币B,2026-05-23,0.2913,1.618,1.3353,1.1897,0.1,0.28,0.59,1.26,2.92,5.02,9.2,0.46,24.69,0.00%
258,004972,长城收益宝货币A,2026-05-23,0.2958,1.096,1.0946,1.1045,0.09,0.28,0.59,1.26,2.94,5.14,9.95,0.46,23.98,0.00%
259,015557,银华日利C,2026-05-22,0.3488,1.15,1.1272,1.1507,0.09,0.32,0.6,1.26,2.83,4.9,,0.46,6.51,0.00%
260,162206,宏利货币A,2026-05-22,0.3144,1.278,1.1654,1.1311,0.09,0.31,0.6,1.26,2.89,5.02,9.62,0.46,73.79,0.00%
261,320019,诺安货币B,2026-05-22,0.2838,1.108,1.1026,1.1019,0.09,0.32,0.61,1.26,2.82,4.91,9.09,0.47,47.73,0.00%
262,000748,广发活期宝货币A,2026-05-23,0.3086,1.136,1.1431,1.1547,0.09,0.29,0.61,1.25,2.88,4.98,9.42,0.47,34.97,0.00%
263,016361,工银货币B,2026-05-22,0.5399,1.153,1.0912,1.0921,0.09,0.31,0.59,1.25,2.82,4.94,,0.45,6.47,0.00%
264,213909,宝盈货币B,2026-05-22,0.2966,1.303,1.2103,1.1693,0.1,0.32,0.6,1.25,2.89,4.98,9.26,0.47,62.19,0.00%
265,000908,农银红利日结货币B,2026-05-22,0.3095,1.07,1.073,1.0798,0.09,0.31,0.59,1.24,2.86,4.9,9.14,0.45,33.6,0.00%
266,002889,交银天利宝货币A,2026-05-22,0.2595,1.065,1.0601,1.0566,0.09,0.28,0.6,1.24,2.76,4.8,9.38,0.46,25.84,0.00%
267,003525,兴银现金收益A,2026-05-22,0.2879,1.049,1.0536,1.0623,0.09,0.29,0.57,1.24,2.87,4.75,7.64,0.43,23.27,0.00%
268,519588,交银货币A,2026-05-22,0.288,1.078,1.0852,1.0878,0.09,0.28,0.59,1.24,2.78,4.78,8.9,0.46,66.1,0.00%
269,675032,西部利得天添鑫货币B,2026-05-23,0.301,1.183,1.15,1.1484,0.09,0.29,0.6,1.24,2.78,4.73,8.87,0.47,25.88,0.00%
270,000542,上银慧财宝货币A,2026-05-23,0.275,1.139,1.1043,1.1047,0.09,0.29,0.6,1.23,2.79,4.86,8.97,0.46,35.94,0.00%
271,000724,大成添利宝货币A,2026-05-24,0.2899,1.107,1.0983,1.0904,0.09,0.28,0.58,1.23,2.83,4.83,8.39,0.45,32.64,0.00%
272,000626,大成丰财宝货币A,2026-05-24,0.2819,1.034,1.0394,1.0638,0.09,0.28,0.58,1.23,2.77,4.64,8.78,0.45,33.74,0.00%
273,163802,中银货币A,2026-05-22,0.2674,1.078,1.0867,1.1009,0.09,0.29,0.59,1.23,2.81,4.81,8.93,0.46,74.29,0.00%
274,000730,博时现金宝货币A,2026-05-23,0.2776,1.05,1.0719,1.0728,0.09,0.28,0.59,1.22,2.78,4.81,9.01,0.45,34.34,0.00%
275,000868,国投瑞银增利宝货币A,2026-05-23,0.2822,1.039,1.0458,1.0811,0.09,0.28,0.58,1.22,2.84,5.07,9.22,0.46,32.87,0.00%
276,001527,鑫元安鑫宝B,2026-05-23,0.287,1.107,1.0844,1.0839,0.09,0.28,0.59,1.22,2.78,4.83,9.0,0.45,28.26,0.00%
277,001666,鹏华添利宝货币A,2026-05-22,0.2871,1.087,1.0849,1.0812,0.09,0.31,0.59,1.22,2.79,4.87,9.18,0.45,31.61,0.00%
278,001697,大成恒丰宝货币A,2026-05-24,0.2857,1.07,1.08,1.0888,0.09,0.28,0.58,1.22,2.83,4.88,7.39,0.45,24.59,0.00%
279,001871,前海开源货币B,2026-05-22,0.5908,1.199,1.1301,1.0784,0.09,0.31,0.6,1.22,2.76,4.86,9.08,0.46,28.0,0.00%
280,002855,博时现金宝货币C,2026-05-23,0.2776,1.048,1.0712,1.072,0.09,0.28,0.59,1.22,2.78,4.8,9.01,0.45,26.82,0.00%
281,003482,交银天鑫宝货币A,2026-05-22,0.2871,1.107,1.0919,1.0943,0.09,0.28,0.59,1.22,2.72,4.68,9.06,0.45,24.09,0.00%
282,005150,红土创新优淳货币A,2026-05-23,0.0592,0.32,0.6056,0.825,0.08,0.3,0.57,1.22,2.93,4.99,9.39,0.47,22.12,0.00%
283,005151,红土创新优淳货币B,2026-05-23,0.0592,0.32,0.6056,0.8251,0.08,0.3,0.57,1.22,2.98,5.29,10.23,0.47,24.15,0.00%
284,012470,平安财富宝货币C,2026-05-23,0.2901,1.133,1.1224,1.1079,0.09,0.28,0.58,1.22,2.79,4.84,,0.45,9.11,0.00%
285,020007,国泰货币A,2026-05-23,0.2605,1.074,1.0861,1.0976,0.09,0.28,0.59,1.22,2.84,4.91,9.33,0.45,71.4,0.00%
286,202301,南方现金增利货币A,2026-05-23,0.2991,1.088,1.0934,1.1006,0.09,0.29,0.59,1.22,2.75,4.76,8.9,0.46,85.57,0.00%
287,210012,金鹰货币A,2026-05-24,0.2619,1.102,1.0343,1.0793,0.09,0.28,0.58,1.22,2.84,4.83,9.01,0.44,44.15,0.00%
288,310338,申万菱信收益宝货币A,2026-05-22,0.3808,1.082,1.0477,1.0645,0.09,0.31,0.59,1.22,2.81,4.83,8.54,0.45,60.95,0.00%
289,340005,兴全货币A,2026-05-23,0.2756,1.026,1.0727,1.0782,0.09,0.27,0.58,1.22,2.8,4.88,9.29,0.45,73.82,0.00%
290,519508,万家货币A,2026-05-22,0.2829,1.1,1.0906,1.0812,0.09,0.31,0.58,1.22,2.81,4.85,9.02,0.45,75.78,0.00%
291,018608,国投瑞银增利宝货币D,2026-05-23,0.2822,1.038,1.0464,1.0811,0.09,0.28,0.58,1.22,2.84,,,0.46,4.75,0.00%
292,003473,南方天天利货币A,2026-05-23,0.2908,1.066,1.0719,1.084,0.09,0.28,0.58,1.21,2.79,4.86,9.24,0.45,25.98,0.00%
293,003388,招商招益宝货币A,2026-05-22,0.3152,1.197,1.1331,1.1164,0.09,0.28,0.57,1.21,2.79,4.85,9.11,0.45,20.31,0.00%
294,004072,金元顺安金通宝货币A,2026-05-23,0.3135,1.267,1.3589,1.3625,0.11,0.34,0.66,1.21,2.57,3.92,6.54,0.55,18.81,0.00%
295,003968,交银天益宝货币A,2026-05-22,0.2811,1.066,1.0624,1.0553,0.09,0.28,0.59,1.21,2.71,4.75,9.1,0.45,24.13,0.00%
296,004372,金鹰增益货币A,2026-05-24,0.1953,1.546,1.3497,1.203,0.1,0.29,0.58,1.21,2.77,4.83,9.11,0.45,23.95,0.00%
297,004983,鹏扬现金通利货币A,2026-05-22,0.2871,1.063,1.0652,1.0601,0.09,0.31,0.59,1.21,2.77,4.71,8.56,0.44,19.56,0.00%
298,004861,泰康现金管家货币A,2026-05-23,0.2593,1.28,1.182,1.076,0.09,0.28,0.58,1.21,2.83,4.88,9.09,0.44,20.49,0.00%
299,015021,平安日鑫C,2026-05-23,0.2868,1.072,1.0943,1.083,0.09,0.27,0.58,1.21,2.79,4.84,,0.45,7.45,0.00%
300,080011,长盛货币A,2026-05-23,0.2808,1.082,1.0781,1.0856,0.09,0.28,0.57,1.21,2.73,4.8,8.86,0.45,74.05,0.00%
301,202307,南方收益宝货币A,2026-05-23,0.2857,1.076,1.0725,1.0867,0.09,0.28,0.58,1.21,2.8,4.87,9.16,0.45,43.58,0.00%
302,288101,华夏货币A,2026-05-23,0.2789,1.078,1.0714,1.068,0.09,0.28,0.59,1.21,2.8,4.88,8.61,0.45,80.53,0.00%
303,550010,中信保诚货币A,2026-05-22,0.2465,1.066,1.0472,1.0566,0.09,0.28,0.59,1.21,2.78,4.69,8.55,0.45,51.07,0.00%
304,530002,建信货币A,2026-05-24,0.2876,1.061,1.0743,1.0862,0.09,0.27,0.57,1.21,2.79,4.83,9.18,0.45,73.99,0.00%
305,583001,东吴货币A,2026-05-22,0.3507,1.204,1.1314,1.1189,0.09,0.3,0.58,1.21,2.82,4.69,8.37,0.45,48.68,0.00%
306,710501,富安达现金通货币A,2026-05-22,0.2792,1.031,1.0346,1.1322,0.09,0.32,0.61,1.21,2.58,4.31,8.03,0.47,39.11,0.00%
307,000604,银华多利宝货币A,2026-05-22,0.3198,1.083,1.0967,1.1004,0.09,0.31,0.58,1.2,2.72,4.74,8.73,0.45,35.14,0.00%
308,000657,银华活钱宝货币A,2026-05-22,0.3449,1.065,1.0819,1.0846,0.09,0.3,0.58,1.2,2.75,4.78,,0.45,7.22,0.00%
309,000873,华安现金宝货币A,2026-05-22,0.2806,1.08,1.0817,1.0963,0.09,0.31,0.58,1.2,2.79,4.81,8.85,0.45,23.0,0.00%
310,001401,德邦如意货币A,2026-05-22,0.5421,1.582,1.4134,1.2567,0.1,0.3,0.59,1.2,2.7,4.72,8.92,0.47,27.37,0.00%
311,003874,浙商日添金货币A,2026-05-22,0.2795,1.025,1.0479,1.0468,0.09,0.27,0.58,1.2,2.77,4.81,9.01,0.44,23.53,0.00%
312,005092,广发货币C,2026-05-23,0.275,1.08,1.0878,1.0935,0.09,0.28,0.58,1.2,2.79,4.81,9.1,0.45,20.97,0.00%
313,008192,博时兴荣货币A,2026-05-23,0.2845,1.151,1.1423,1.1069,0.09,0.29,0.59,1.2,2.64,4.49,7.89,0.45,11.03,0.00%
314,012105,永赢天天利货币E,2026-05-22,0.2703,1.062,1.068,1.0682,0.09,0.3,0.58,1.2,2.78,4.77,8.99,0.44,9.07,0.00%
315,270004,广发货币A,2026-05-23,0.275,1.08,1.0879,1.0937,0.09,0.28,0.58,1.2,2.79,4.81,9.12,0.45,76.62,0.00%
316,675061,西部利得天添富货币A,2026-05-23,0.2777,1.07,1.0651,1.0882,0.09,0.28,0.58,1.2,2.72,4.63,8.76,0.45,25.25,0.00%
317,019769,华商现金增利货币E,2026-05-24,0.2709,1.027,1.0385,1.0374,0.09,0.27,0.57,1.2,2.76,,,0.44,3.96,0.00%
318,002078,浙商日添利B,2026-05-22,0.2947,1.082,1.083,1.0835,0.09,0.26,0.56,1.19,2.7,4.69,9.0,0.43,26.56,0.00%
319,002298,招商招福宝货币A,2026-05-22,0.283,1.041,1.0464,1.07,0.09,0.27,0.57,1.19,2.72,4.75,9.01,0.45,19.96,0.00%
320,002747,中欧货币C,2026-05-23,0.2644,1.048,1.0594,1.0746,0.09,0.27,0.57,1.19,2.7,4.63,8.64,0.44,23.91,0.00%
321,003246,华泰柏瑞天添宝货币A,2026-05-22,0.2867,1.054,1.0584,1.0616,0.09,0.3,0.58,1.19,2.73,4.73,8.94,0.44,25.49,0.00%
322,003534,浦银安盛日日丰货币A,2026-05-23,0.2946,1.121,1.1163,1.1129,0.09,0.28,0.57,1.19,2.76,4.82,9.14,0.45,24.4,0.00%
323,003364,长江乐享货币B,2026-05-22,0.2997,1.149,1.1351,1.1255,0.09,0.31,0.58,1.19,2.75,4.73,8.86,0.45,24.26,0.00%
324,003678,国联现金增利货币A,2026-05-22,0.2655,1.056,1.0327,1.0164,0.08,0.29,0.57,1.19,2.72,4.7,8.97,0.44,25.49,0.00%
325,005056,东方红货币A,2026-05-23,0.2945,1.103,1.1029,1.1177,0.09,0.29,0.59,1.19,2.69,4.6,8.62,0.46,19.34,0.00%
326,009744,英大现金宝B,2026-05-23,0.3088,1.123,1.1296,1.154,0.09,0.28,0.58,1.19,2.61,4.62,8.62,0.45,10.86,0.00%
327,541011,汇丰晋信货币B,2026-05-22,0.3003,1.054,1.0324,1.0838,0.09,0.28,0.57,1.19,2.73,4.66,8.67,0.45,41.88,0.00%
328,018782,汇丰晋信货币C,2026-05-22,0.3002,1.055,1.0328,1.0841,0.09,0.28,0.57,1.19,2.73,,,0.45,4.38,0.00%
329,019835,华泰柏瑞交易货币E,2026-05-22,0.2719,1.06,1.074,1.0931,0.09,0.31,0.58,1.19,2.72,,,0.45,3.67,0.00%
330,021169,信澳慧理财货币C,2026-05-23,0.2701,1.242,1.1173,1.0571,0.09,0.28,0.57,1.19,2.77,,,0.45,2.83,0.00%
331,000560,诺安天天宝E,2026-05-22,0.2963,1.058,1.0614,1.0861,0.09,0.3,0.57,1.18,2.71,4.84,9.32,0.44,35.9,0.00%
332,000615,长城工资宝货币A,2026-05-23,0.239,1.562,1.2265,1.0742,0.09,0.27,0.56,1.18,2.64,4.53,8.52,0.43,33.06,0.00%
333,000847,国联货币A,2026-05-22,0.647,1.11,1.1074,1.0977,0.09,0.3,0.57,1.18,2.69,4.71,8.57,0.44,32.57,0.00%
334,000872,华银宜投宝B,2026-05-23,0.3169,1.161,1.1759,1.1914,0.1,0.28,0.56,1.18,2.52,4.43,8.6,0.43,31.63,0.00%
335,001929,华夏收益宝货币A,2026-05-23,0.2722,1.066,1.0578,1.0423,0.09,0.27,0.57,1.18,2.75,4.78,9.03,0.44,27.56,0.00%
336,003075,国联货币E,2026-05-22,0.6404,1.106,1.1047,1.0972,0.09,0.3,0.57,1.18,2.69,4.71,8.58,0.44,24.19,0.00%
337,003402,安信活期宝货币A,2026-05-22,0.274,1.082,1.0705,1.058,0.09,0.31,0.57,1.18,2.72,4.73,9.0,0.44,25.15,0.00%
338,003398,太平日日金货币A,2026-05-22,0.268,0.984,0.9988,1.0007,0.08,0.29,0.56,1.18,2.68,4.53,8.32,0.43,22.23,0.00%
339,003752,工银如意货币A,2026-05-23,0.2424,1.022,1.023,1.0114,0.08,0.27,0.56,1.18,2.7,4.7,8.89,0.44,24.58,0.00%
340,004285,华富天盈货币A,2026-05-22,0.259,0.991,1.1769,1.0867,0.09,0.31,0.58,1.18,2.64,4.4,7.57,0.45,20.21,0.00%
341,004717,万家天添宝货币A,2026-05-22,0.3015,1.053,1.0722,1.0576,0.09,0.29,0.56,1.18,2.73,4.7,8.82,0.43,21.38,0.00%
342,166014,中欧货币A,2026-05-23,0.2644,1.049,1.0546,1.0689,0.09,0.27,0.57,1.18,2.7,4.63,8.6,0.44,41.34,0.00%
343,660007,农银货币A,2026-05-22,0.259,0.996,1.0791,1.0833,0.09,0.3,0.57,1.18,2.69,4.61,8.58,0.44,54.62,0.00%
344,020990,财通财通宝货币C,2026-05-22,0.2885,1.056,1.0642,1.0654,0.09,0.3,0.57,1.18,2.7,,,0.44,3.07,0.00%
345,000750,安信现金增利货币A,2026-05-22,0.2917,1.065,1.0665,1.0696,0.09,0.31,0.58,1.17,2.64,4.51,8.17,0.46,28.8,0.00%
346,001251,天弘现金管家货币D,2026-05-22,0.2203,1.038,1.0438,1.0775,0.09,0.3,0.58,1.17,2.57,4.36,8.39,0.44,27.25,0.00%
347,001842,九泰日添金货币A,2026-05-22,0.2264,1.0,1.0105,1.1055,0.09,0.3,0.58,1.17,2.55,4.03,6.82,0.45,23.86,0.00%
348,001931,国寿安保鑫钱包货币A,2026-05-22,0.2843,1.049,1.0817,1.0719,0.09,0.3,0.56,1.17,2.75,4.82,9.3,0.44,28.86,0.00%
349,001991,农银天天利货币A,2026-05-22,0.2809,1.053,1.0643,1.0617,0.09,0.3,0.58,1.17,2.55,4.31,7.91,0.44,24.84,0.00%
350,002847,天弘现金管家货币E,2026-05-22,0.2204,1.039,1.0438,1.078,0.09,0.3,0.58,1.17,2.57,4.36,8.39,0.44,23.71,0.00%
351,003467,富荣货币A,2026-05-22,0.28,0.973,0.9923,1.011,0.08,0.3,0.58,1.17,2.57,4.31,8.23,0.44,22.54,0.00%
352,003316,中银证券现金管家货币A,2026-05-22,0.2835,1.17,1.2028,1.1521,0.1,0.28,0.58,1.17,2.65,4.51,8.31,0.44,22.67,0.00%
353,161622,融通汇财宝货币A,2026-05-23,0.2644,1.772,1.337,1.1573,0.09,0.27,0.55,1.17,2.66,4.59,8.56,0.43,37.09,0.00%
354,420006,天弘现金管家货币A,2026-05-22,0.2254,1.038,1.0431,1.0773,0.09,0.3,0.58,1.17,2.61,4.39,8.43,0.44,42.12,0.00%
355,000625,诺安天天宝B,2026-05-22,0.2949,1.057,1.0607,1.0856,0.09,0.3,0.57,1.16,2.68,4.82,9.3,0.44,37.15,0.00%
356,000773,万家现金宝货币A,2026-05-22,0.2625,1.16,1.0789,1.0502,0.09,0.29,0.55,1.16,2.7,4.69,8.74,0.43,31.0,0.00%
357,000771,诺安聚鑫宝货币A,2026-05-22,0.2805,1.093,1.0897,1.0913,0.09,0.3,0.58,1.16,2.7,4.74,8.75,0.44,32.21,0.00%
358,002759,东兴安盈宝A,2026-05-22,0.2734,1.003,1.0053,1.0579,0.09,0.3,0.58,1.16,2.62,4.57,8.87,0.44,24.85,0.00%
359,008193,博时兴盛货币A,2026-05-23,0.2872,1.192,1.1264,1.0975,0.09,0.27,0.57,1.16,2.63,4.67,8.02,0.44,10.52,0.00%
360,360003,光大保德信货币A,2026-05-22,0.26,0.941,0.9411,0.9836,0.08,0.3,0.57,1.16,2.64,4.58,8.53,0.43,69.89,0.00%
361,001987,东方金元宝货币A,2026-05-23,0.2643,1.426,1.1962,1.1295,0.09,0.27,0.53,1.15,2.62,4.65,8.69,0.42,28.0,0.00%
362,003588,东吴增鑫宝货币A,2026-05-22,0.4656,0.959,0.9455,0.9206,0.08,0.29,0.56,1.15,2.49,4.37,8.22,0.42,22.4,0.00%
363,003537,招商招利宝货币A,2026-05-22,0.2665,1.051,1.0194,1.0088,0.08,0.27,0.55,1.15,2.67,4.69,8.77,0.43,23.08,0.00%
364,004077,金信民发货币A,2026-05-23,0.2481,0.924,0.9105,1.0239,0.08,0.27,0.56,1.15,2.53,4.27,7.77,0.42,21.52,0.00%
365,007730,平安金管家货币C,2026-05-23,0.274,1.046,1.0279,1.0474,0.09,0.27,0.55,1.15,2.6,4.55,8.74,0.43,13.47,0.00%
366,008191,博时合利货币A,2026-05-23,0.259,0.96,0.9806,1.0738,0.09,0.27,0.55,1.15,2.57,4.46,8.4,0.44,11.51,0.00%
367,090005,大成货币A,2026-05-24,0.2696,0.993,1.02,1.0762,0.09,0.27,0.55,1.15,2.73,4.64,8.69,0.43,71.92,0.00%
368,260102,景顺货币A,2026-05-22,0.296,1.049,1.0319,1.042,0.08,0.26,0.54,1.15,2.61,4.55,8.59,0.42,65.11,0.00%
369,519518,汇添富货币A,2026-05-22,0.3656,1.118,1.1089,1.0973,0.09,0.3,0.55,1.15,2.69,4.65,8.8,0.43,71.29,0.00%
370,519511,万家日日薪A,2026-05-23,0.2713,1.029,1.0229,1.0694,0.09,0.26,0.54,1.15,2.68,4.74,9.0,0.42,38.03,0.00%
371,690210,民生加银现金增利货币B,2026-05-22,0.2774,1.294,1.2823,1.2739,0.11,0.28,0.5,1.15,2.71,4.77,8.95,0.39,45.1,0.00%
372,000539,中银活期宝货币A,2026-05-22,0.2592,1.015,1.0167,1.0286,0.08,0.26,0.53,1.14,2.61,4.53,8.6,0.42,37.79,0.00%
373,000760,工银财富货币A,2026-05-23,0.2545,1.043,1.1134,1.0602,0.09,0.26,0.54,1.14,2.6,4.65,8.57,0.42,27.27,0.00%
374,001826,国寿安保增金宝货币A,2026-05-22,0.2533,0.934,0.9994,1.0296,0.08,0.29,0.55,1.14,2.65,4.68,9.0,0.42,28.8,0.00%
375,002200,大成慧成货币A,2026-05-24,0.2658,0.973,0.974,0.9717,0.08,0.26,0.54,1.14,2.79,4.81,8.47,0.42,23.93,0.00%
376,002248,新疆前海联合海盈货币B,2026-05-22,0.3471,1.152,1.223,1.2146,0.1,0.28,0.6,1.14,2.69,4.37,8.27,0.47,27.67,0.00%
377,110016,易方达货币B,2026-05-22,0.3563,1.266,1.1949,1.213,0.1,0.3,0.54,1.14,2.69,4.59,8.5,0.43,74.98,0.00%
378,000576,中邮货币A,2026-05-22,0.2757,1.003,1.0029,1.0028,0.08,0.28,0.54,1.13,2.55,4.36,7.97,0.42,31.03,0.00%
379,000701,景顺长城景丰货币A,2026-05-22,0.2635,1.002,1.0096,1.0249,0.08,0.26,0.54,1.13,2.71,4.69,8.79,0.42,31.89,0.00%
380,001240,民生加银现金增利货币D,2026-05-22,0.2292,1.116,1.1041,1.0958,0.09,0.3,0.57,1.13,2.52,4.38,8.17,0.44,28.45,0.00%
381,004178,圆信永丰丰润货币A,2026-05-22,0.5232,0.929,0.9319,0.9475,0.08,0.28,0.54,1.13,2.54,4.47,8.54,0.41,22.52,0.00%
382,016473,景顺长城景丰货币E,2026-05-22,0.2622,1.007,1.0148,1.0301,0.08,0.26,0.54,1.13,2.71,4.69,,0.42,5.82,0.00%
383,519509,浦银安盛货币A,2026-05-23,0.268,1.044,1.0533,1.0707,0.09,0.27,0.55,1.13,2.61,4.52,8.62,0.43,52.69,0.00%
384,519516,浦银安盛货币E,2026-05-23,0.2679,1.044,1.0543,1.0712,0.09,0.27,0.55,1.13,2.61,4.52,8.62,0.43,32.82,0.00%
385,000331,中加货币A,2026-05-22,0.3659,1.054,1.0436,1.0306,0.08,0.3,0.56,1.12,2.58,4.56,8.32,0.43,39.25,0.00%
386,000389,广发天天红货币A,2026-05-23,0.2657,1.007,1.0068,1.0118,0.08,0.26,0.53,1.12,2.6,4.53,8.75,0.42,40.01,0.00%
387,000647,易方达财富快线货币A,2026-05-23,0.263,0.938,0.9535,0.9603,0.08,0.25,0.51,1.12,2.64,4.66,8.8,0.4,35.91,0.00%
388,000862,富国天时货币C,2026-05-22,0.2582,1.022,1.0209,1.018,0.08,0.25,0.52,1.12,2.61,4.65,8.47,0.41,30.13,0.00%
389,001981,富国收益宝交易型货币A,2026-05-23,0.2583,1.008,1.0067,1.0098,0.08,0.25,0.53,1.12,2.58,4.5,8.37,0.41,25.73,0.00%
390,002883,华润元大现金通货币A,2026-05-22,0.2493,0.897,0.9174,0.9619,0.08,0.28,0.53,1.12,2.69,4.67,8.69,0.41,24.62,0.00%
391,004786,渤海汇金汇添金货币A,2026-05-22,0.5132,1.008,1.1725,1.1444,0.1,0.29,0.55,1.12,2.56,4.58,8.45,0.42,18.64,0.00%
392,100025,富国天时货币A,2026-05-23,0.2583,1.017,1.0168,1.0155,0.08,0.25,0.52,1.12,2.61,4.65,8.48,0.41,67.56,0.00%
393,350004,天治天得利货币A,2026-05-22,0.1912,0.698,0.7181,0.7466,0.07,0.27,0.53,1.12,2.55,4.48,8.13,0.4,67.69,0.00%
394,018436,易方达保证金货币C,2026-05-23,0.2724,0.994,0.9912,0.9967,0.08,0.27,0.57,1.12,2.56,,,0.44,4.4,0.00%
395,018943,银河钱包货币E,2026-05-22,0.1611,0.895,0.8854,0.9715,0.08,0.29,0.55,1.12,2.52,,,0.42,4.0,0.00%
396,000713,摩根天添宝货币B,2026-05-24,0.2556,0.921,0.916,0.9217,0.08,0.25,0.55,1.11,2.48,4.44,8.74,0.41,29.21,0.00%
397,001006,中信建投凤凰货币A,2026-05-22,0.2688,1.0,0.9822,0.9933,0.08,0.25,0.53,1.11,2.58,4.51,8.37,0.41,28.06,0.00%
398,001624,兴业添天盈货币A,2026-05-22,0.2536,1.008,1.0098,1.0185,0.08,0.28,0.53,1.11,2.57,4.54,8.86,0.41,27.65,0.00%
399,002709,红塔红土人人宝货币A,2026-05-24,0.3333,1.219,1.2233,1.2398,0.1,0.31,0.6,1.11,2.43,4.19,7.69,0.47,22.43,0.00%
400,002957,财通财通宝货币A,2026-05-22,0.2606,0.955,0.9575,0.9608,0.08,0.27,0.53,1.11,2.59,4.74,8.91,0.4,23.52,0.00%
401,003515,国泰利是宝货币,2026-05-23,0.2497,1.015,1.0202,1.0356,0.09,0.26,0.53,1.11,2.55,4.42,8.37,0.41,23.01,0.00%
402,003422,国寿安保添利货币A,2026-05-22,0.2481,0.928,0.9387,0.9589,0.08,0.28,0.54,1.11,2.58,4.38,7.95,0.42,22.68,0.00%
403,392002,中海货币B,2026-05-22,0.7849,1.071,1.0282,1.0022,0.08,0.28,0.54,1.11,2.55,4.46,8.37,0.42,57.38,0.00%
404,750007,安信现金管理货币B,2026-05-22,0.265,0.977,0.9801,1.187,0.1,0.32,0.59,1.11,2.44,4.1,7.61,0.48,42.71,0.00%
405,000366,汇添富添富通货币A,2026-05-23,0.2553,1.005,1.0041,1.0084,0.08,0.25,0.52,1.1,2.57,4.53,8.13,0.41,27.96,0.00%
406,000509,广发钱袋子货币A,2026-05-23,0.2538,1.002,1.0024,1.0043,0.08,0.25,0.53,1.1,2.58,4.53,8.64,0.41,38.85,0.00%
407,000588,招商招钱宝货币A,2026-05-22,0.2607,1.007,1.0115,1.0173,0.08,0.25,0.52,1.1,2.59,4.54,8.55,0.4,36.73,0.00%
408,000638,富国富钱包货币A,2026-05-23,0.2542,1.014,1.0145,1.0143,0.08,0.25,0.52,1.1,2.51,4.41,8.35,0.41,36.84,0.00%
409,000699,中银薪钱包货币,2026-05-22,0.2601,1.007,1.007,1.0092,0.08,0.25,0.53,1.1,2.57,4.51,8.6,0.41,34.73,0.00%
410,000758,招商招钱宝货币C,2026-05-22,0.2645,1.003,1.0096,1.0167,0.08,0.25,0.52,1.1,2.58,4.54,8.54,0.4,33.95,0.00%
411,000709,华安汇财通货币,2026-05-22,0.2827,1.008,1.0077,1.0109,0.08,0.25,0.53,1.1,2.56,4.45,8.4,0.41,34.1,0.00%
412,000895,国寿安保薪金宝货币A,2026-05-22,0.2601,0.961,0.961,0.9688,0.08,0.28,0.53,1.1,2.55,4.45,8.74,0.41,34.09,0.00%
413,001077,华夏现金宝货币A,2026-05-23,0.2371,0.908,0.9343,0.9397,0.08,0.26,0.53,1.1,2.65,4.6,8.65,0.42,41.26,0.00%
414,001812,嘉实货币E,2026-05-24,0.2533,1.005,1.0065,1.087,0.09,0.26,0.53,1.1,2.57,4.54,8.63,0.41,25.13,0.00%
415,002894,华夏天利货币A,2026-05-23,0.2585,1.035,1.0405,1.0282,0.08,0.26,0.53,1.1,2.64,4.54,8.57,0.41,23.89,0.00%
416,002917,嘉实活钱包货币E,2026-05-24,0.262,1.06,1.0469,1.0601,0.09,0.26,0.53,1.1,2.55,4.47,8.44,0.41,25.79,0.00%
417,004330,太平日日鑫A,2026-05-22,0.2482,0.94,0.9347,0.9452,0.08,0.27,0.52,1.1,2.53,4.43,8.26,0.4,21.8,0.00%
418,004939,中欧滚钱宝货币C,2026-05-23,0.2531,1.019,1.0247,1.0404,0.09,0.25,0.53,1.1,2.55,4.47,8.4,0.41,20.98,0.00%
419,070008,嘉实货币A,2026-05-24,0.2533,1.006,1.0062,1.0853,0.09,0.26,0.53,1.1,2.57,4.54,8.63,0.41,81.11,0.00%
420,040003,华安现金富利货币A,2026-05-22,0.2333,0.877,1.1434,1.0077,0.08,0.28,0.53,1.1,2.55,4.53,8.53,0.42,78.31,0.00%
421,217014,招商现金增值货币B,2026-05-22,0.2651,1.053,1.0102,0.9876,0.08,0.28,0.53,1.1,2.63,4.65,8.87,0.41,60.87,0.00%
422,620010,金元顺安金元宝货币A,2026-05-23,0.2001,1.013,1.003,1.0388,0.09,0.27,0.54,1.1,2.49,4.31,8.16,0.42,34.08,0.00%
423,000464,嘉实活期宝货币A,2026-05-24,0.2535,0.928,0.9318,1.0103,0.08,0.25,0.51,1.09,2.59,4.57,8.72,0.4,40.33,0.00%
424,000741,兴银货币A,2026-05-22,0.2455,1.022,1.0261,1.0395,0.08,0.28,0.53,1.09,2.55,4.09,7.08,0.41,28.94,0.00%
425,001101,银华惠添益货币A,2026-05-22,0.286,1.033,1.0204,1.0227,0.08,0.28,0.52,1.09,2.51,4.49,8.56,0.41,23.47,0.00%
426,000882,中金现金管家货币A,2026-05-22,0.27,0.994,0.9947,1.0056,0.08,0.28,0.52,1.09,2.53,4.41,8.17,0.4,29.6,0.00%
427,003042,交银活期通货币A,2026-05-22,0.2746,1.007,1.0046,1.012,0.08,0.25,0.52,1.09,2.47,4.33,8.32,0.4,24.16,0.00%
428,003252,大成添益交易型货币A,2026-05-24,0.2685,0.983,0.9889,0.9863,0.08,0.25,0.52,1.09,2.49,4.35,8.51,0.4,24.08,0.00%
429,003536,浦银安盛日日丰货币D,2026-05-23,0.2672,1.019,1.0147,1.0115,0.08,0.25,0.52,1.09,2.56,4.51,8.6,0.41,23.7,0.00%
430,003711,宏利京元宝货币A,2026-05-22,0.2562,0.964,0.9658,0.9655,0.08,0.28,0.53,1.09,2.55,4.5,8.68,0.41,24.34,0.00%
431,012104,永赢货币E,2026-05-22,0.2583,1.012,1.0083,1.0149,0.08,0.28,0.52,1.09,2.53,4.47,8.77,0.41,8.9,0.00%
432,020031,国泰现金管理货币A,2026-05-23,0.2464,1.003,1.0046,1.0152,0.08,0.25,0.52,1.09,2.55,4.42,8.49,0.4,38.06,0.00%
433,040038,华安日日鑫货币A,2026-05-22,0.2824,1.007,1.0043,1.0164,0.08,0.28,0.53,1.09,2.49,4.34,8.17,0.41,42.63,0.00%
434,740601,长安货币A,2026-05-23,0.2326,0.871,0.8813,1.0428,0.08,0.26,0.54,1.09,2.54,4.66,8.56,0.43,41.26,0.00%
435,675071,西部利得天添金货币A,2026-05-23,0.2245,1.134,1.0223,0.9379,0.08,0.26,0.53,1.09,2.56,4.48,8.06,0.41,21.95,0.00%
436,000581,嘉实活钱包货币A,2026-05-24,0.2566,1.041,1.0271,1.0403,0.09,0.25,0.52,1.08,2.51,4.41,8.33,0.4,37.54,0.00%
437,000569,鹏华增值宝货币,2026-05-22,0.2928,1.005,1.0087,1.0167,0.08,0.28,0.53,1.08,2.52,4.46,8.48,0.41,37.35,0.00%
438,000721,兴业货币A,2026-05-22,0.2697,1.006,1.0083,1.0095,0.08,0.27,0.52,1.08,2.52,4.47,7.83,0.4,29.71,0.00%
439,000677,工银现金货币A,2026-05-23,0.2425,0.908,0.9594,0.983,0.08,0.24,0.51,1.08,2.49,4.43,8.37,0.4,33.36,0.00%
440,000704,易方达天天增利货币A,2026-05-23,0.2739,1.004,1.0053,1.0057,0.08,0.25,0.52,1.08,2.49,4.4,8.36,0.4,34.29,0.00%
441,000818,诺安天天宝C,2026-05-22,0.2673,0.956,0.959,0.9834,0.08,0.28,0.52,1.08,2.5,4.53,8.79,0.4,31.82,0.00%
442,001477,泰康薪意保货币A,2026-05-23,0.2202,0.806,0.8246,0.8989,0.08,0.25,0.52,1.08,2.54,4.54,8.37,0.4,28.05,0.00%
443,002318,鹏华添利交易型货币A,2026-05-22,0.2738,1.008,1.0071,1.0261,0.08,0.28,0.52,1.08,2.53,4.54,8.41,0.41,24.65,0.00%
444,003792,民生加银现金宝货币C,2026-05-22,0.2226,1.022,1.0195,1.0685,0.09,0.29,0.53,1.08,2.54,4.44,8.55,0.41,23.29,0.00%
445,004501,嘉实现金添利货币,2026-05-24,0.257,1.03,1.0223,1.0478,0.09,0.25,0.52,1.08,2.52,4.41,8.31,0.41,23.05,0.00%
446,253050,国联安货币A,2026-05-22,0.2863,1.008,1.009,1.0142,0.08,0.27,0.52,1.08,2.5,4.46,8.27,0.4,47.73,0.00%
447,017629,中银机构现金管理货币E,2026-05-22,0.2235,0.91,0.8998,0.9018,0.07,0.25,0.51,1.08,2.5,4.39,,0.4,5.2,0.00%
448,000009,易方达天天理财货币A,2026-05-23,0.2487,0.905,0.9165,0.9248,0.08,0.23,0.49,1.07,2.49,4.42,8.44,0.38,43.09,0.00%
449,000483,鑫元货币A,2026-05-23,0.2473,1.004,1.0049,1.0128,0.08,0.25,0.52,1.07,2.54,4.51,8.4,0.4,35.77,0.00%
450,001391,天弘弘运宝货币B,2026-05-23,0.1841,0.898,0.891,0.9287,0.08,0.25,0.51,1.07,2.46,4.27,8.38,0.4,25.93,0.00%
451,002302,新沃通宝B,2026-05-24,0.2588,1.042,1.0331,1.0044,0.08,0.27,0.52,1.07,2.33,3.94,7.22,0.41,23.92,0.00%
452,003003,华夏现金增利货币A/E,2026-05-23,0.2396,1.032,1.027,1.0346,0.09,0.25,0.51,1.07,2.5,4.41,8.21,0.4,84.84,0.00%
453,003228,浦银安盛日日鑫货币A,2026-05-23,0.2449,1.007,1.0117,1.0244,0.08,0.25,0.52,1.07,2.46,4.44,8.2,0.4,22.86,0.00%
454,004186,江信增利货币B,2026-05-22,0.2663,0.955,0.9492,0.9603,0.08,0.28,0.53,1.07,2.54,4.53,9.33,0.41,22.82,0.00%
455,004493,华泰保兴货币A,2026-05-22,0.2481,0.915,0.9668,0.9695,0.08,0.25,0.52,1.07,2.51,4.41,8.2,0.4,20.58,0.00%
456,004684,鹏华盈余宝货币A,2026-05-22,0.2701,1.005,1.0061,1.0137,0.08,0.28,0.53,1.07,2.58,4.34,7.19,0.41,17.33,0.00%
457,690010,民生加银现金增利货币A,2026-05-22,0.2116,1.051,1.0395,1.0309,0.09,0.28,0.54,1.07,2.38,4.18,7.82,0.41,40.73,0.00%
458,000379,平安日增利货币A,2026-05-23,0.2514,0.941,0.9478,0.9858,0.08,0.25,0.5,1.06,2.45,4.32,8.22,0.4,37.75,0.00%
459,000600,汇添富和聚宝货币A,2026-05-23,0.2672,1.03,0.977,0.9674,0.08,0.24,0.5,1.06,2.52,4.49,8.81,0.39,37.47,0.00%
460,000816,南方理财金交易型货币A,2026-05-23,0.2465,0.979,0.9926,1.0094,0.08,0.25,0.52,1.06,2.47,4.39,8.24,0.41,30.4,0.00%
461,000644,招商招金宝货币A,2026-05-22,0.2513,1.001,0.9498,0.9812,0.08,0.25,0.51,1.06,2.45,4.29,8.02,0.4,30.59,0.00%
462,000981,华银现金添利A,2026-05-23,0.2506,0.944,0.9478,0.9691,0.08,0.26,0.53,1.06,2.05,3.32,5.86,0.41,24.88,0.00%
463,002324,南方日添益A,2026-05-23,0.2246,1.183,1.0538,0.9766,0.08,0.24,0.51,1.06,2.52,4.43,8.51,0.4,26.29,0.00%
464,002852,招商财富宝交易型货币A,2026-05-22,0.2451,0.918,0.9261,0.9725,0.08,0.24,0.51,1.06,2.56,4.46,8.07,0.39,24.13,0.00%
465,000505,国寿安保货币A,2026-05-22,0.2747,1.021,1.0147,1.0136,0.08,0.27,0.51,1.05,2.47,4.36,8.43,0.39,35.78,0.00%
466,004097,农银汇理日日鑫交易型货币A,2026-05-22,0.2589,1.008,1.0061,1.0121,0.08,0.27,0.52,1.05,2.48,4.34,8.28,0.4,23.56,0.00%
467,016002,博时保证金货币ETFC,2026-05-23,0.2464,0.973,0.9736,0.9677,0.08,0.24,0.5,1.05,2.4,4.27,,0.39,5.85,0.00%
468,519566,浦银安盛日日盈货币A,2026-05-23,0.2567,1.011,1.0093,1.0101,0.08,0.25,0.51,1.05,2.49,4.43,8.39,0.4,33.19,0.00%
469,519568,浦银安盛日日盈货币D,2026-05-23,0.2567,1.011,1.0093,1.0104,0.08,0.25,0.51,1.05,2.49,4.43,8.39,0.4,32.14,0.00%
470,000380,景顺长城景益货币A,2026-05-22,0.2318,0.895,0.8924,0.911,0.08,0.24,0.49,1.04,2.43,4.26,8.16,0.39,35.25,0.00%
471,002672,诺德货币A,2026-05-22,0.2504,0.901,0.9874,1.0024,0.08,0.28,0.52,1.04,2.42,4.31,7.91,0.4,23.31,0.00%
472,004970,南方天天宝货币A,2026-05-23,0.2523,0.928,0.933,0.9423,0.08,0.24,0.5,1.04,2.49,4.42,8.46,0.39,20.19,0.00%
473,090022,大成现金增利货币A,2026-05-24,0.2467,0.909,0.9117,0.942,0.08,0.24,0.5,1.04,2.47,4.35,8.12,0.39,41.78,0.00%
474,180008,银华货币A,2026-05-22,0.2522,1.004,1.0023,1.0116,0.08,0.27,0.51,1.04,2.38,4.2,8.09,0.39,70.46,0.00%
475,240006,华宝现金宝货币A,2026-05-22,0.2997,0.873,0.8753,0.8953,0.07,0.26,0.5,1.04,2.38,4.21,8.01,0.38,72.32,0.00%
476,460006,华泰柏瑞货币A,2026-05-22,0.2393,0.982,0.9989,1.0296,0.08,0.28,0.52,1.04,2.38,4.24,8.0,0.41,50.76,0.00%
477,000475,广发天天利货币A,2026-05-23,0.2397,1.002,1.0031,1.0089,0.08,0.24,0.5,1.03,2.39,4.2,8.04,0.39,35.09,0.00%
478,000559,诺安天天宝A,2026-05-22,0.2537,0.906,0.9092,0.9341,0.08,0.26,0.5,1.03,2.41,4.39,8.52,0.39,33.35,0.00%
479,001175,山证资管日日添利货币A,2026-05-22,0.2548,0.935,0.9384,0.9452,0.08,0.26,0.49,1.03,2.41,4.28,8.38,0.38,27.72,0.00%
480,003997,泓德添利货币A,2026-05-22,0.2409,0.852,0.8758,0.8805,0.07,0.26,0.49,1.03,2.47,4.26,7.35,0.38,19.58,0.00%
481,004866,格林货币B,2026-05-22,0.2539,1.19,1.0748,1.0357,0.08,0.28,0.53,1.03,2.47,4.51,9.23,0.4,22.05,0.00%
482,161608,融通易支付货币A,2026-05-23,0.2312,0.879,0.8694,0.8946,0.07,0.24,0.5,1.03,2.42,4.27,8.15,0.39,70.25,0.00%
483,410002,华富货币A,2026-05-22,0.2239,0.87,0.8691,0.8773,0.07,0.25,0.48,1.03,2.44,4.34,7.4,0.37,70.14,0.00%
484,519505,海富通货币A,2026-05-22,0.2347,0.832,0.8363,0.8564,0.07,0.25,0.5,1.03,2.48,4.31,7.76,0.38,76.93,0.00%
485,000785,国新国证现金增利货币A,2026-05-22,0.2648,0.928,0.8927,0.9399,0.08,0.24,0.5,1.02,2.29,4.03,7.68,0.39,29.44,0.00%
486,002788,融通现金宝货币A,2026-05-23,0.2255,1.37,1.0895,0.9459,0.08,0.22,0.47,1.02,2.43,4.27,7.89,0.37,23.01,0.00%
487,008393,博时现金收益货币C,2026-05-23,0.2465,0.918,0.9197,0.9447,0.08,0.24,0.49,1.02,2.42,4.23,7.97,0.39,11.26,0.00%
488,050003,博时现金收益货币A,2026-05-23,0.2465,0.919,0.9202,0.945,0.08,0.24,0.5,1.02,2.42,4.23,7.97,0.39,81.76,0.00%
489,000203,国富日日收益货币A,2026-05-22,1.5727,1.477,1.1229,0.9545,0.08,0.23,0.47,1.01,2.42,4.29,8.15,0.35,37.55,0.00%
490,002647,中科沃土货币B,2026-05-22,0.2633,0.964,0.9715,1.0075,0.08,0.28,0.54,1.01,2.25,3.68,7.68,0.41,23.54,0.00%
491,482002,工银货币A,2026-05-22,0.4741,0.927,0.8533,0.8499,0.07,0.25,0.47,1.01,2.32,4.18,8.13,0.36,74.31,0.00%
492,320002,诺安货币A,2026-05-22,0.2178,0.866,0.86,0.8591,0.07,0.25,0.49,1.01,2.33,4.15,7.79,0.37,70.68,0.00%
493,000907,农银红利日结货币A,2026-05-22,0.2437,0.827,0.8302,0.837,0.07,0.24,0.47,1.0,2.37,4.15,7.84,0.36,29.99,0.00%
494,121011,国投瑞银货币A,2026-05-23,0.1933,0.715,0.7245,0.7304,0.06,0.21,0.45,1.0,2.34,4.25,8.12,0.34,54.6,0.00%
495,200003,长城货币A,2026-05-23,0.2367,0.88,0.8903,0.8949,0.07,0.23,0.48,1.0,2.38,4.16,8.08,0.37,74.62,0.00%
496,213009,宝盈货币A,2026-05-22,0.2308,1.061,0.9676,0.9267,0.08,0.25,0.48,1.0,2.4,4.22,7.96,0.37,55.78,0.00%
497,730003,方正富邦货币A,2026-05-22,0.2192,1.043,0.9251,0.8813,0.08,0.26,0.49,1.0,2.4,4.48,7.9,0.38,41.73,0.00%
498,000424,长盛添利宝货币A,2026-05-23,0.2103,0.813,0.8115,0.8132,0.07,0.22,0.46,0.99,2.36,4.15,7.97,0.36,35.35,0.00%
499,000734,博时天天增利货币A,2026-05-23,0.2231,0.835,0.9125,0.8895,0.07,0.24,0.47,0.99,2.32,4.11,7.8,0.37,29.66,0.00%
500,004968,红土创新货币B,2026-05-23,0.0977,0.429,0.5168,0.6102,0.06,0.21,0.46,0.99,2.61,4.69,8.57,0.36,21.38,0.00%
501,004967,红土创新货币A,2026-05-23,0.0977,0.427,0.5155,0.609,0.06,0.21,0.46,0.99,2.57,4.4,7.73,0.36,19.34,0.00%
502,675031,西部利得天添鑫货币A,2026-05-23,0.2352,0.938,0.9071,0.9058,0.07,0.23,0.48,0.99,2.28,3.97,7.57,0.37,22.91,0.00%
503,150005,银河银富货币A,2026-05-22,0.2102,0.75,0.7675,0.8115,0.07,0.23,0.45,0.98,2.37,4.15,8.04,0.34,73.83,0.00%
504,000434,新华壹诺宝货币A,2026-05-22,0.4377,1.068,1.0773,1.042,0.08,0.27,0.49,0.97,2.25,4.01,7.68,0.38,34.39,0.00%
505,001870,前海开源货币A,2026-05-22,0.5251,0.954,0.8859,0.8363,0.07,0.25,0.48,0.97,2.25,4.09,7.76,0.36,24.77,0.00%
506,002243,东方金证通货币A,2026-05-23,0.1999,0.756,0.7895,0.8187,0.07,0.22,0.46,0.97,2.31,4.07,7.73,0.36,23.77,0.00%
507,004210,前海开源货币E,2026-05-22,0.5249,0.955,0.8857,0.8335,0.07,0.25,0.48,0.97,2.26,4.1,7.77,0.36,21.34,0.00%
508,160606,鹏华货币A,2026-05-22,0.2406,0.881,0.8878,0.857,0.07,0.25,0.48,0.97,2.28,3.9,7.46,0.37,71.24,0.00%
509,370010,摩根货币A,2026-05-22,0.2265,0.85,0.8427,0.8434,0.07,0.22,0.46,0.97,2.3,3.96,7.49,0.36,57.06,0.00%
510,002260,中信建投添鑫宝A,2026-05-22,0.1909,1.035,0.8773,0.8664,0.07,0.2,0.44,0.96,2.33,4.03,7.79,0.33,24.44,0.00%
511,002077,浙商日添利A,2026-05-22,0.2293,0.84,0.841,0.8412,0.07,0.2,0.44,0.95,2.21,3.94,7.7,0.34,23.43,0.00%
512,000210,光大现金宝货币A,2026-05-22,0.2075,0.749,1.0801,0.9234,0.07,0.23,0.46,0.94,2.34,4.23,7.8,0.33,35.71,0.00%
513,003363,长江乐享货币A,2026-05-22,0.2344,0.909,0.8951,0.8854,0.07,0.25,0.46,0.94,2.25,3.97,7.55,0.36,21.46,0.00%
514,000871,华银宜投宝A,2026-05-23,0.2511,0.918,0.9329,0.9484,0.08,0.22,0.44,0.93,2.03,3.68,7.3,0.33,28.04,0.00%
515,000735,博时天天增利货币B,2026-05-23,0.2888,1.077,1.1544,1.1315,0.09,0.29,,0.91,2.48,4.52,8.75,0.46,32.94,0.00%
516,110006,易方达货币A,2026-05-22,0.2907,1.023,0.9526,0.9705,0.08,0.23,0.42,0.9,2.2,3.84,7.21,0.34,72.03,0.00%
517,070029,嘉实安心货币B,2026-05-24,0.1986,0.699,0.7124,0.722,0.06,0.19,0.43,0.89,2.16,3.91,7.86,0.32,41.68,0.00%
518,002247,新疆前海联合海盈货币A,2026-05-22,0.2786,0.9,0.9689,0.964,0.08,0.22,0.47,0.88,2.17,3.58,6.91,0.37,24.39,0.00%
519,000712,摩根天添宝货币A,2026-05-24,0.1898,0.676,0.6698,0.6739,0.06,0.19,0.43,0.87,1.99,3.69,7.44,0.32,25.72,0.00%
520,392001,中海货币A,2026-05-22,0.7211,0.829,0.7861,0.7602,0.06,0.21,0.42,0.87,2.05,3.71,7.07,0.33,51.51,0.00%
521,750006,安信现金管理货币A,2026-05-22,0.1992,0.734,0.7374,0.9441,0.08,0.26,0.47,0.87,1.95,3.36,6.32,0.38,38.22,0.00%
522,217004,招商现金增值货币A,2026-05-22,0.1993,0.81,0.7673,0.746,0.06,0.21,0.41,0.86,2.14,3.89,7.57,0.32,77.28,0.00%
523,004700,前海联合汇盈货币B,2026-05-22,0.2153,0.731,0.7657,0.7417,0.06,0.19,0.4,0.85,1.93,3.29,7.11,0.31,20.94,0.00%
524,001916,新沃通宝A,2026-05-24,0.1931,0.8,0.7346,0.7341,0.06,0.21,0.4,0.83,1.84,3.19,6.19,0.32,23.45,0.00%
525,004185,江信增利货币A,2026-05-22,0.2006,0.713,0.7071,0.7182,0.06,0.21,0.41,0.83,2.05,3.77,8.02,0.32,20.24,0.00%
526,004865,格林货币A,2026-05-22,0.1877,0.948,0.8311,0.794,0.06,0.21,0.41,0.79,1.98,3.76,7.93,0.31,19.49,0.00%
527,002184,泓德泓利货币A,2026-05-22,0.1819,0.672,0.6779,0.6858,0.06,0.2,0.38,0.77,1.84,3.28,6.17,0.29,22.09,0.00%
528,002646,中科沃土货币A,2026-05-22,0.1967,0.722,0.7292,0.7651,0.06,0.21,0.42,0.76,1.76,2.93,6.38,0.31,20.68,0.00%
529,000324,华润元大现金收益货币A,2026-05-22,0.2039,0.736,0.7271,0.7255,0.06,0.19,0.34,0.7,1.78,2.98,5.68,0.27,32.42,0.00%
530,003585,先锋现金宝A,2026-05-23,0.1933,1.015,0.8595,0.7812,0.06,0.21,0.44,0.67,1.59,2.88,5.06,0.34,17.76,0.00%
531,004699,前海联合汇盈货币A,2026-05-22,0.1498,0.489,0.5224,0.4998,0.04,0.13,0.28,0.6,1.43,2.53,5.81,0.21,18.35,0.00%
532,024897,平安日鑫D,2026-05-23,0.3498,1.304,1.3273,1.316,0.11,0.33,0.69,,,,,0.54,1.21,0.00%
533,024890,平安财富宝货币D,2026-05-23,0.3558,1.376,1.3654,1.3507,0.11,0.34,0.7,,,,,0.55,1.23,0.00%
534,024984,中信保诚智惠金货币D,2026-05-22,0.6173,1.335,1.2004,1.1415,0.1,0.3,0.63,,,,,0.49,1.07,0.00%
535,025454,太平日日鑫E,2026-05-22,0.2679,1.01,1.0052,1.0145,0.08,0.29,0.56,,,,,0.43,0.79,0.00%
536,025469,太平日日金货币E,2026-05-22,0.2877,1.055,1.0701,1.0714,0.09,0.31,0.6,,,,,0.46,0.89,0.00%
537,026030,诺安理财宝货币E,2026-05-22,0.2761,1.092,1.0728,1.2076,0.1,0.33,0.61,,,,,0.48,0.61,0.00%
538,025885,先锋现金宝B,2026-05-23,0.2591,1.258,1.1033,1.0235,0.08,0.27,0.56,,,,,0.44,0.59,0.00%
539,026150,国投瑞银增利宝货币E,2026-05-23,0.3014,1.111,1.126,1.1559,0.09,0.3,0.62,,,,,0.48,0.63,0.00%
540,026297,国投瑞银钱多宝货币D,2026-05-23,0.342,1.264,1.3055,1.2932,0.11,0.32,,,,,,0.52,0.61,0.00%
